2016_09_05_02_03_24_cudaNW_carolk402.log,0,_Z13GoldChkKernelPiS_i, 0, 0, 2, 9684930, 1.769923, 0.694769
2016_09_07_04_23_12_cudaNW_carolk402.log,0,_Z20needle_cuda_shared_1PiS_iiii, 123, 0, 0, 351708, 10.184403, 0.649970
2016_09_07_04_23_17_cudaNW_carolk402.log,1,_Z20needle_cuda_shared_2PiS_iiii, 1, 0, 0, 101567, 12.825524, 0.079939
2016_09_07_04_23_19_cudaNW_carolk402.log,0,_Z13GoldChkKernelPiS_i, 0, 0, 0, 33539173, 1.485197, 0.694047
2016_09_07_04_23_21_cudaNW_carolk402.log,0,_Z20needle_cuda_shared_1PiS_iiii, 112, 0, 0, 436652, 7.262885, 0.148246
2016_09_07_04_23_23_cudaNW_carolk402.log,1,_Z20needle_cuda_shared_1PiS_iiii, 45, 0, 0, 273042, 5.588142, 0.372214
2016_09_07_04_23_27_cudaNW_carolk402.log,0,_Z20needle_cuda_shared_2PiS_iiii, 63, 0, 0, 117017, 1.666381, 0.274043
2016_09_07_04_23_31_cudaNW_carolk402.log,1,_Z20needle_cuda_shared_1PiS_iiii, 24, 0, 0, 79303, 0.360563, 0.175274
2016_09_07_04_23_33_cudaNW_carolk402.log,0,_Z13GoldChkKernelPiS_i, 0, 0, 0, 22484906, 0.740920, 0.658121
2016_09_07_04_23_37_cudaNW_carolk402.log,0,_Z20needle_cuda_shared_2PiS_iiii, 25, 0, 0, 247852, 10.116921, 0.124924
2016_09_07_04_23_39_cudaNW_carolk402.log,0,_Z13GoldChkKernelPiS_i, 0, 0, 0, 65441355, 0.071728, 0.086531
2016_09_07_04_23_41_cudaNW_carolk402.log,0,_Z13GoldChkKernelPiS_i, 0, 0, 0, 27173029, 0.591814, 0.158779
2016_09_07_04_23_42_cudaNW_carolk402.log,1,_Z20needle_cuda_shared_2PiS_iiii, 18, 0, 0, 312326, 3.617369, 0.050505
2016_09_07_04_23_46_cudaNW_carolk402.log,1,_Z20needle_cuda_shared_1PiS_iiii, 104, 0, 0, 367873, 4.312538, 0.189345
2016_09_07_04_23_48_cudaNW_carolk402.log,0,_Z13GoldChkKernelPiS_i, 0, 0, 0, 67875128, 1.864454, 0.699351
2016_09_07_04_23_56_cudaNW_carolk402.log,0,_Z13GoldChkKernelPiS_i, 0, 0, 0, 55274850, 0.979442, 0.158842
2016_09_07_04_24_04_cudaNW_carolk402.log,0,_Z13GoldChkKernelPiS_i, 0, 0, 0, 17263377, 1.626078, 0.414408
2016_09_07_04_24_27_cudaNW_carolk402.log,0,_Z20needle_cuda_shared_2PiS_iiii, 103, 0, 0, 35857, 3.323478, 0.957742
2016_09_07_04_24_53_cudaNW_carolk402.log,1,_Z20needle_cuda_shared_2PiS_iiii, 8, 0, 0, 255246, 3.919539, 0.325789
2016_09_07_04_24_55_cudaNW_carolk402.log,0,_Z20needle_cuda_shared_1PiS_iiii, 113, 0, 0, 584819, 1.454295, 0.064282
2016_09_07_04_25_01_cudaNW_carolk402.log,0,_Z20needle_cuda_shared_1PiS_iiii, 127, 0, 0, 870719, 3.945551, 0.173059
2016_09_07_04_25_13_cudaNW_carolk402.log,0,_Z20needle_cuda_shared_2PiS_iiii, 70, 0, 0, 63865, 9.218212, 0.580374
2016_09_07_04_25_19_cudaNW_carolk402.log,0,_Z20needle_cuda_shared_2PiS_iiii, 1, 0, 0, 53636, 4.714077, 0.724453
2016_09_07_04_25_21_cudaNW_carolk402.log,0,_Z13GoldChkKernelPiS_i, 0, 0, 0, 41994543, 3.698525, 0.290970
2016_09_07_04_25_33_cudaNW_carolk402.log,0,_Z13GoldChkKernelPiS_i, 0, 0, 0, 19669410, 1.174505, 0.719642
2016_09_07_04_25_44_cudaNW_carolk402.log,0,_Z13GoldChkKernelPiS_i, 0, 0, 0, 66398756, 1.490388, 0.213383
2016_09_07_04_25_46_cudaNW_carolk402.log,0,_Z20needle_cuda_shared_2PiS_iiii, 73, 0, 0, 208495, 10.985398, 0.040391
2016_09_07_04_25_56_cudaNW_carolk402.log,0,_Z13GoldChkKernelPiS_i, 0, 0, 0, 70051372, 1.265415, 0.940956
2016_09_07_04_25_58_cudaNW_carolk402.log,0,_Z13GoldChkKernelPiS_i, 0, 0, 0, 67262711, 1.643443, 0.432226
2016_09_07_04_26_02_cudaNW_carolk402.log,0,_Z13GoldChkKernelPiS_i, 0, 0, 0, 22852534, 1.429569, 0.848314
2016_09_07_04_26_04_cudaNW_carolk402.log,0,_Z20needle_cuda_shared_1PiS_iiii, 72, 0, 0, 203813, 7.056764, 0.176463
2016_09_07_04_26_09_cudaNW_carolk402.log,0,_Z13GoldChkKernelPiS_i, 0, 0, 0, 21029451, 3.259504, 0.209490
2016_09_07_04_26_38_cudaNW_carolk402.log,0,_Z13GoldChkKernelPiS_i, 0, 0, 0, 19584289, 1.798344, 0.793409
2016_09_07_04_26_43_cudaNW_carolk402.log,0,_Z13GoldChkKernelPiS_i, 0, 0, 0, 1705952, 1.218633, 0.293987
2016_09_07_04_26_48_cudaNW_carolk402.log,0,_Z13GoldChkKernelPiS_i, 0, 0, 0, 17021835, 1.130996, 0.956988
2016_09_07_04_26_53_cudaNW_carolk402.log,1,_Z20needle_cuda_shared_2PiS_iiii, 3, 0, 0, 820695, 3.500381, 0.483060
2016_09_07_04_26_57_cudaNW_carolk402.log,1,_Z20needle_cuda_shared_1PiS_iiii, 93, 0, 0, 83589, 0.000127, 0.375230
2016_09_07_04_27_07_cudaNW_carolk402.log,0,_Z13GoldChkKernelPiS_i, 0, 0, 0, 58985796, 1.210182, 0.408426
2016_09_07_04_27_21_cudaNW_carolk402.log,0,_Z13GoldChkKernelPiS_i, 0, 0, 0, 55039134, 2.204358, 0.571781
2016_09_07_04_27_31_cudaNW_carolk402.log,1,_Z20needle_cuda_shared_2PiS_iiii, 3, 0, 0, 387263, 5.671087, 0.211448
2016_09_07_04_27_37_cudaNW_carolk402.log,0,_Z20needle_cuda_shared_1PiS_iiii, 47, 0, 0, 151266, 7.871397, 0.448964
2016_09_07_04_27_44_cudaNW_carolk402.log,0,_Z20needle_cuda_shared_1PiS_iiii, 123, 0, 0, 212326, 9.113630, 0.195763
2016_09_07_04_27_46_cudaNW_carolk402.log,0,_Z13GoldChkKernelPiS_i, 0, 0, 0, 63358326, 0.698756, 0.129433
2016_09_07_04_28_00_cudaNW_carolk402.log,0,_Z20needle_cuda_shared_1PiS_iiii, 65, 0, 0, 45209, 9.276525, 0.961451
2016_09_07_04_28_02_cudaNW_carolk402.log,1,_Z20needle_cuda_shared_1PiS_iiii, 76, 0, 0, 317313, 11.470111, 0.134622
2016_09_07_04_28_04_cudaNW_carolk402.log,0,_Z13GoldChkKernelPiS_i, 0, 0, 0, 27789238, 2.302147, 0.457118
2016_09_07_04_28_12_cudaNW_carolk402.log,1,_Z20needle_cuda_shared_1PiS_iiii, 120, 0, 0, 605020, 5.358125, 0.125190
2016_09_07_04_28_19_cudaNW_carolk402.log,0,_Z20needle_cuda_shared_2PiS_iiii, 15, 0, 0, 488471, 1.287818, 0.191358
2016_09_07_04_28_26_cudaNW_carolk402.log,0,_Z13GoldChkKernelPiS_i, 0, 0, 0, 4934433, 3.457482, 0.219273
2016_09_07_04_28_30_cudaNW_carolk402.log,0,_Z13GoldChkKernelPiS_i, 0, 0, 0, 69101995, 1.376118, 0.550625
2016_09_07_04_28_44_cudaNW_carolk402.log,0,_Z20needle_cuda_shared_2PiS_iiii, 62, 0, 0, 343070, 1.177588, 0.219003
2016_09_07_04_28_56_cudaNW_carolk402.log,1,_Z20needle_cuda_shared_2PiS_iiii, 24, 0, 0, 292802, 4.509206, 0.373592
2016_09_07_04_29_03_cudaNW_carolk402.log,0,_Z13GoldChkKernelPiS_i, 0, 0, 0, 60832062, 0.278883, 0.627293
2016_09_07_04_29_09_cudaNW_carolk402.log,0,_Z13GoldChkKernelPiS_i, 0, 0, 0, 32016582, 1.998392, 0.008649
2016_09_07_04_29_11_cudaNW_carolk402.log,0,_Z20needle_cuda_shared_2PiS_iiii, 59, 0, 0, 134523, 1.391452, 0.870658
2016_09_07_04_29_13_cudaNW_carolk402.log,1,_Z20needle_cuda_shared_1PiS_iiii, 92, 0, 0, 114263, 20.758257, 0.087963
2016_09_07_04_29_21_cudaNW_carolk402.log,1,_Z20needle_cuda_shared_1PiS_iiii, 85, 0, 0, 423658, 3.600981, 0.401217
2016_09_07_04_29_22_cudaNW_carolk402.log,0,_Z20needle_cuda_shared_1PiS_iiii, 66, 0, 0, 59034, 10.848461, 0.896750
2016_09_07_04_29_29_cudaNW_carolk402.log,0,_Z20needle_cuda_shared_1PiS_iiii, 73, 0, 0, 406375, 3.149454, 0.454229
2016_09_07_04_29_33_cudaNW_carolk402.log,0,_Z20needle_cuda_shared_1PiS_iiii, 119, 0, 0, 532928, 12.815336, 0.655279
2016_09_07_04_29_47_cudaNW_carolk402.log,0,_Z20needle_cuda_shared_1PiS_iiii, 60, 0, 0, 76354, 10.203506, 0.655093
2016_09_07_04_30_04_cudaNW_carolk402.log,0,_Z13GoldChkKernelPiS_i, 0, 0, 0, 33374925, 1.557857, 0.976604
2016_09_07_04_30_06_cudaNW_carolk402.log,0,_Z13GoldChkKernelPiS_i, 0, 0, 0, 60797232, 5.198834, 0.334226
2016_09_07_04_30_07_cudaNW_carolk402.log,0,_Z13GoldChkKernelPiS_i, 0, 0, 0, 18381869, 1.384122, 0.511692
2016_09_07_04_30_09_cudaNW_carolk402.log,0,_Z20needle_cuda_shared_1PiS_iiii, 123, 0, 0, 278541, 1.119769, 0.837279
2016_09_07_04_30_13_cudaNW_carolk402.log,0,_Z13GoldChkKernelPiS_i, 0, 0, 0, 42848487, 2.479219, 0.328520
2016_09_07_04_30_17_cudaNW_carolk402.log,1,_Z20needle_cuda_shared_1PiS_iiii, 126, 0, 0, 384298, 8.015212, 0.342879
2016_09_07_04_30_19_cudaNW_carolk402.log,0,_Z13GoldChkKernelPiS_i, 0, 0, 0, 12170939, 1.456737, 0.212684
2016_09_07_04_30_21_cudaNW_carolk402.log,0,_Z20needle_cuda_shared_2PiS_iiii, 94, 0, 0, 110877, 1.684014, 0.897719
2016_09_07_04_30_25_cudaNW_carolk402.log,0,_Z13GoldChkKernelPiS_i, 0, 0, 0, 56506921, 1.588596, 0.915151
2016_09_07_04_30_30_cudaNW_carolk402.log,0,_Z20needle_cuda_shared_2PiS_iiii, 5, 0, 0, 812419, 4.080035, 0.436297
2016_09_07_04_30_32_cudaNW_carolk402.log,0,_Z20needle_cuda_shared_2PiS_iiii, 2, 0, 0, 882583, 4.071538, 0.694352
2016_09_07_04_30_36_cudaNW_carolk402.log,0,_Z20needle_cuda_shared_1PiS_iiii, 69, 0, 0, 275070, 1.294553, 0.328909
2016_09_07_04_30_43_cudaNW_carolk402.log,1,_Z20needle_cuda_shared_1PiS_iiii, 104, 0, 0, 534176, 0.729417, 0.314720
2016_09_07_04_30_56_cudaNW_carolk402.log,1,_Z20needle_cuda_shared_1PiS_iiii, 100, 0, 0, 114574, 4.741718, 0.614346
2016_09_07_04_31_04_cudaNW_carolk402.log,0,_Z13GoldChkKernelPiS_i, 0, 0, 0, 40805705, 0.320114, 0.223845
2016_09_07_04_31_12_cudaNW_carolk402.log,1,_Z20needle_cuda_shared_2PiS_iiii, 24, 0, 0, 467512, 4.125174, 0.126307
2016_09_07_04_31_29_cudaNW_carolk402.log,1,_Z20needle_cuda_shared_1PiS_iiii, 55, 0, 0, 109629, 5.124751, 0.552703
2016_09_07_04_31_38_cudaNW_carolk402.log,0,_Z13GoldChkKernelPiS_i, 0, 0, 0, 1420961, 1.668489, 0.141420
2016_09_07_04_31_44_cudaNW_carolk402.log,1,_Z20needle_cuda_shared_1PiS_iiii, 22, 0, 0, 25946, 0.933328, 0.439502
2016_09_07_04_31_52_cudaNW_carolk402.log,0,_Z20needle_cuda_shared_1PiS_iiii, 103, 0, 0, 298204, 1.874182, 0.100025
2016_09_07_04_31_54_cudaNW_carolk402.log,1,_Z20needle_cuda_shared_1PiS_iiii, 59, 0, 0, 93447, 0.720249, 0.452045
2016_09_07_04_32_02_cudaNW_carolk402.log,0,_Z13GoldChkKernelPiS_i, 0, 0, 0, 943900, 1.715550, 0.558425
2016_09_07_04_32_15_cudaNW_carolk402.log,0,_Z13GoldChkKernelPiS_i, 0, 0, 0, 40763189, 1.292777, 0.780970
2016_09_07_04_32_17_cudaNW_carolk402.log,0,_Z13GoldChkKernelPiS_i, 0, 0, 0, 21042559, 4.752989, 0.093825
2016_09_07_04_32_38_cudaNW_carolk402.log,1,_Z20needle_cuda_shared_2PiS_iiii, 114, 0, 0, 60956, 10.075537, 0.455168
2016_09_07_04_32_42_cudaNW_carolk402.log,0,_Z13GoldChkKernelPiS_i, 0, 0, 0, 70340089, 1.487229, 0.559788
2016_09_07_04_32_44_cudaNW_carolk402.log,0,_Z20needle_cuda_shared_2PiS_iiii, 57, 0, 0, 192548, 13.296169, 0.061710
2016_09_07_04_32_46_cudaNW_carolk402.log,1,_Z20needle_cuda_shared_1PiS_iiii, 117, 0, 0, 35536, 3.388689, 0.099954
2016_09_07_04_32_53_cudaNW_carolk402.log,0,_Z13GoldChkKernelPiS_i, 0, 0, 0, 21560402, 1.098451, 0.636785
2016_09_07_04_32_55_cudaNW_carolk402.log,0,_Z20needle_cuda_shared_1PiS_iiii, 122, 0, 0, 589707, 10.663392, 0.045620
2016_09_07_04_33_02_cudaNW_carolk402.log,0,_Z20needle_cuda_shared_2PiS_iiii, 15, 0, 0, 753567, 11.420856, 0.493442
2016_09_07_04_33_03_cudaNW_carolk402.log,0,_Z20needle_cuda_shared_1PiS_iiii, 75, 0, 0, 518152, 3.221652, 0.449083
2016_09_07_04_33_17_cudaNW_carolk402.log,0,_Z13GoldChkKernelPiS_i, 0, 0, 0, 13798238, 3.081264, 0.832978
2016_09_07_04_33_19_cudaNW_carolk402.log,1,_Z20needle_cuda_shared_1PiS_iiii, 115, 0, 0, 94924, 10.012465, 0.689155
2016_09_07_04_33_23_cudaNW_carolk402.log,1,_Z20needle_cuda_shared_1PiS_iiii, 94, 0, 0, 464771, 4.008286, 0.158019
2016_09_07_04_33_27_cudaNW_carolk402.log,0,_Z20needle_cuda_shared_1PiS_iiii, 35, 0, 0, 226322, 10.548365, 0.130266
2016_09_07_04_33_57_cudaNW_carolk402.log,0,_Z13GoldChkKernelPiS_i, 0, 0, 0, 56018821, 1.798841, 0.430642
2016_09_07_04_33_59_cudaNW_carolk402.log,0,_Z20needle_cuda_shared_2PiS_iiii, 86, 0, 0, 230192, 1.685706, 0.738250
2016_09_07_04_34_11_cudaNW_carolk402.log,0,_Z20needle_cuda_shared_1PiS_iiii, 113, 0, 0, 234862, 11.081916, 0.493111
2016_09_07_04_34_19_cudaNW_carolk402.log,0,_Z20needle_cuda_shared_2PiS_iiii, 62, 0, 0, 449018, 1.392674, 0.854594
2016_09_07_04_34_21_cudaNW_carolk402.log,1,_Z20needle_cuda_shared_1PiS_iiii, 57, 0, 0, 308631, 6.682884, 0.330236
2016_09_07_04_34_29_cudaNW_carolk402.log,0,_Z20needle_cuda_shared_1PiS_iiii, 73, 0, 0, 475548, 7.001147, 0.983317
2016_09_07_04_35_00_cudaNW_carolk402.log,1,_Z20needle_cuda_shared_2PiS_iiii, 13, 0, 0, 380821, 9.247953, 0.616367
2016_09_07_04_35_27_cudaNW_carolk402.log,0,_Z13GoldChkKernelPiS_i, 0, 0, 0, 67786513, 4.096183, 0.173497
2016_09_07_04_35_31_cudaNW_carolk402.log,0,_Z13GoldChkKernelPiS_i, 0, 0, 0, 44987267, 0.353294, 0.250315
2016_09_07_04_35_45_cudaNW_carolk402.log,1,_Z20needle_cuda_shared_1PiS_iiii, 83, 0, 0, 361665, 4.545836, 0.663028
2016_09_07_04_36_00_cudaNW_carolk402.log,0,_Z20needle_cuda_shared_1PiS_iiii, 124, 0, 0, 112139, 7.546350, 0.789680
2016_09_07_04_36_25_cudaNW_carolk402.log,0,_Z20needle_cuda_shared_1PiS_iiii, 76, 0, 0, 459037, 3.895421, 0.103886
2016_09_07_04_36_42_cudaNW_carolk402.log,0,_Z13GoldChkKernelPiS_i, 0, 0, 0, 26587741, 1.999386, 0.105702
2016_09_07_04_36_44_cudaNW_carolk402.log,0,_Z20needle_cuda_shared_2PiS_iiii, 8, 0, 0, 330777, 5.550455, 0.347213
2016_09_07_04_36_48_cudaNW_carolk402.log,1,_Z20needle_cuda_shared_1PiS_iiii, 94, 0, 0, 608104, 4.385787, 0.436538
2016_09_07_04_36_58_cudaNW_carolk402.log,0,_Z20needle_cuda_shared_1PiS_iiii, 108, 0, 0, 686979, 10.028467, 0.929563
2016_09_07_04_37_00_cudaNW_carolk402.log,1,_Z20needle_cuda_shared_1PiS_iiii, 121, 0, 0, 228699, 3.944679, 0.062621
2016_09_07_04_37_03_cudaNW_carolk402.log,1,_Z20needle_cuda_shared_1PiS_iiii, 78, 0, 0, 461251, 0.194789, 0.176192
2016_09_07_04_37_13_cudaNW_carolk402.log,0,_Z13GoldChkKernelPiS_i, 0, 0, 0, 58993026, 1.244019, 0.934020
2016_09_07_04_37_15_cudaNW_carolk402.log,1,_Z20needle_cuda_shared_1PiS_iiii, 101, 0, 0, 333075, 9.555668, 0.490013
2016_09_07_04_37_19_cudaNW_carolk402.log,0,_Z13GoldChkKernelPiS_i, 0, 0, 0, 63328110, 0.080917, 0.310288
2016_09_07_04_37_21_cudaNW_carolk402.log,1,_Z20needle_cuda_shared_2PiS_iiii, 54, 0, 0, 346565, 6.177569, 0.313494
2016_09_07_04_37_23_cudaNW_carolk402.log,0,_Z13GoldChkKernelPiS_i, 0, 0, 0, 16152460, 1.215948, 0.977549
2016_09_07_04_37_27_cudaNW_carolk402.log,0,_Z20needle_cuda_shared_2PiS_iiii, 5, 0, 0, 555298, 1.015428, 0.387629
2016_09_07_04_37_29_cudaNW_carolk402.log,1,_Z20needle_cuda_shared_2PiS_iiii, 9, 0, 0, 500745, 0.661361, 0.535247
2016_09_07_04_37_37_cudaNW_carolk402.log,0,_Z13GoldChkKernelPiS_i, 0, 0, 0, 13138135, 1.793995, 0.524502
2016_09_07_04_37_50_cudaNW_carolk402.log,1,_Z20needle_cuda_shared_1PiS_iiii, 68, 0, 0, 80998, 0.129911, 0.273381
2016_09_07_04_38_14_cudaNW_carolk402.log,0,_Z20needle_cuda_shared_1PiS_iiii, 92, 0, 0, 650939, 1.374458, 0.877678
2016_09_07_04_38_22_cudaNW_carolk402.log,0,_Z13GoldChkKernelPiS_i, 0, 0, 0, 51798715, 2.101682, 0.180944
2016_09_07_04_38_43_cudaNW_carolk402.log,1,_Z20needle_cuda_shared_1PiS_iiii, 52, 0, 0, 125070, 3.095984, 0.263755
2016_09_07_04_38_46_cudaNW_carolk402.log,1,_Z20needle_cuda_shared_2PiS_iiii, 13, 0, 0, 390493, 3.020285, 0.195201
2016_09_07_04_38_48_cudaNW_carolk402.log,0,_Z13GoldChkKernelPiS_i, 0, 0, 0, 62033814, 5.916572, 0.227974
2016_09_07_04_38_50_cudaNW_carolk402.log,0,_Z20needle_cuda_shared_2PiS_iiii, 7, 0, 0, 422629, 1.863813, 0.573400
2016_09_07_04_38_54_cudaNW_carolk402.log,0,_Z20needle_cuda_shared_1PiS_iiii, 124, 0, 0, 190574, 1.631555, 0.720018
2016_09_07_04_39_00_cudaNW_carolk402.log,0,_Z20needle_cuda_shared_2PiS_iiii, 30, 0, 0, 279556, 10.194155, 0.462387
2016_09_07_04_39_06_cudaNW_carolk402.log,1,_Z20needle_cuda_shared_1PiS_iiii, 104, 0, 0, 62849, 10.897226, 0.505669
2016_09_07_04_39_21_cudaNW_carolk402.log,1,_Z20needle_cuda_shared_1PiS_iiii, 38, 0, 0, 38347, 3.413415, 0.251141
2016_09_07_04_39_23_cudaNW_carolk402.log,1,_Z20needle_cuda_shared_2PiS_iiii, 24, 0, 0, 313159, 5.433026, 0.212448
2016_09_07_04_39_29_cudaNW_carolk402.log,1,_Z20needle_cuda_shared_2PiS_iiii, 75, 0, 0, 202800, 7.073145, 0.303561
2016_09_07_04_39_37_cudaNW_carolk402.log,0,_Z13GoldChkKernelPiS_i, 0, 0, 0, 12474714, 1.465692, 0.958753
2016_09_07_04_39_43_cudaNW_carolk402.log,0,_Z20needle_cuda_shared_2PiS_iiii, 50, 0, 0, 221709, 10.545074, 0.262754
2016_09_07_04_40_08_cudaNW_carolk402.log,0,_Z20needle_cuda_shared_2PiS_iiii, 57, 0, 2, 322941, 5.073376, 0.642262
2016_09_07_04_40_34_cudaNW_carolk402.log,0,_Z20needle_cuda_shared_1PiS_iiii, 107, 0, 2, 547047, 14.139293, 0.638800
2016_09_07_04_40_38_cudaNW_carolk402.log,0,_Z20needle_cuda_shared_2PiS_iiii, 27, 0, 2, 515922, 1.997840, 0.552155
2016_09_07_04_40_46_cudaNW_carolk402.log,0,_Z13GoldChkKernelPiS_i, 0, 0, 2, 20113228, 1.322729, 0.201911
2016_09_07_04_40_48_cudaNW_carolk402.log,0,_Z13GoldChkKernelPiS_i, 0, 0, 2, 45928918, 1.625993, 0.041530
2016_09_07_04_40_50_cudaNW_carolk402.log,0,_Z13GoldChkKernelPiS_i, 0, 0, 2, 23805654, 3.894882, 0.627045
2016_09_07_04_40_54_cudaNW_carolk402.log,0,_Z13GoldChkKernelPiS_i, 0, 0, 2, 28514259, 1.487772, 0.527290
2016_09_07_04_41_01_cudaNW_carolk402.log,0,_Z13GoldChkKernelPiS_i, 0, 0, 2, 4341621, 1.420986, 0.224727
2016_09_07_04_41_23_cudaNW_carolk402.log,0,_Z20needle_cuda_shared_2PiS_iiii, 42, 0, 2, 27411, 3.916755, 0.004663
2016_09_07_04_41_27_cudaNW_carolk402.log,0,_Z20needle_cuda_shared_1PiS_iiii, 64, 0, 2, 461665, 9.170997, 0.600467
2016_09_07_04_41_40_cudaNW_carolk402.log,0,_Z20needle_cuda_shared_1PiS_iiii, 55, 0, 2, 126377, 7.732599, 0.379828
2016_09_07_04_41_42_cudaNW_carolk402.log,1,_Z20needle_cuda_shared_2PiS_iiii, 85, 0, 2, 197623, 9.616886, 0.009490
2016_09_07_04_41_52_cudaNW_carolk402.log,1,_Z20needle_cuda_shared_1PiS_iiii, 93, 0, 2, 278682, 11.795704, 0.165970
2016_09_07_04_42_19_cudaNW_carolk402.log,0,_Z20needle_cuda_shared_1PiS_iiii, 90, 0, 2, 277496, 7.127300, 0.838953
2016_09_07_04_42_32_cudaNW_carolk402.log,0,_Z13GoldChkKernelPiS_i, 0, 0, 2, 67605962, 1.140056, 0.682945
2016_09_07_04_42_35_cudaNW_carolk402.log,0,_Z20needle_cuda_shared_1PiS_iiii, 78, 0, 2, 259152, 7.782765, 0.808603
2016_09_07_04_42_46_cudaNW_carolk402.log,0,_Z13GoldChkKernelPiS_i, 0, 0, 2, 673152, 1.878298, 0.474548
2016_09_07_04_43_04_cudaNW_carolk402.log,0,_Z13GoldChkKernelPiS_i, 0, 0, 2, 65925313, 1.443306, 0.974817
2016_09_07_04_43_24_cudaNW_carolk402.log,0,_Z13GoldChkKernelPiS_i, 0, 0, 2, 48244819, 0.243114, 0.044309
2016_09_07_04_43_37_cudaNW_carolk402.log,0,_Z20needle_cuda_shared_1PiS_iiii, 110, 0, 2, 758733, 8.872827, 0.447179
2016_09_07_04_43_39_cudaNW_carolk402.log,0,_Z20needle_cuda_shared_1PiS_iiii, 94, 0, 2, 378552, 6.559361, 0.233411
2016_09_07_04_43_44_cudaNW_carolk402.log,0,_Z13GoldChkKernelPiS_i, 0, 0, 2, 38586109, 1.707688, 0.860116
2016_09_07_04_43_57_cudaNW_carolk402.log,0,_Z20needle_cuda_shared_2PiS_iiii, 79, 0, 2, 275567, 5.611542, 0.453867
2016_09_07_04_44_03_cudaNW_carolk402.log,0,_Z20needle_cuda_shared_2PiS_iiii, 45, 0, 2, 478872, 9.674671, 0.974724
2016_09_07_04_44_15_cudaNW_carolk402.log,0,_Z13GoldChkKernelPiS_i, 0, 0, 2, 4591252, 1.242004, 0.943886
2016_09_07_04_44_17_cudaNW_carolk402.log,0,_Z20needle_cuda_shared_1PiS_iiii, 70, 0, 2, 286290, 1.020482, 0.550836
2016_09_07_04_44_28_cudaNW_carolk402.log,0,_Z20needle_cuda_shared_1PiS_iiii, 87, 0, 2, 179443, 10.705405, 0.342978
2016_09_07_04_44_44_cudaNW_carolk402.log,0,_Z13GoldChkKernelPiS_i, 0, 0, 2, 61512878, 1.668818, 0.208662
2016_09_07_04_44_54_cudaNW_carolk402.log,0,_Z20needle_cuda_shared_2PiS_iiii, 30, 0, 2, 486288, 1.751685, 0.624045
2016_09_07_04_45_00_cudaNW_carolk402.log,0,_Z13GoldChkKernelPiS_i, 0, 0, 2, 10952859, 1.308052, 0.855358
2016_09_07_04_45_04_cudaNW_carolk402.log,0,_Z13GoldChkKernelPiS_i, 0, 0, 2, 16131529, 3.083521, 0.655883
2016_09_07_04_45_14_cudaNW_carolk402.log,0,_Z13GoldChkKernelPiS_i, 0, 0, 2, 22019120, 1.612112, 0.681796
2016_09_07_04_45_26_cudaNW_carolk402.log,1,_Z20needle_cuda_shared_2PiS_iiii, 15, 0, 2, 274905, 14.669691, 0.849629
2016_09_07_04_45_31_cudaNW_carolk402.log,0,_Z13GoldChkKernelPiS_i, 0, 0, 2, 52811314, 1.224882, 0.787212
2016_09_07_04_45_57_cudaNW_carolk402.log,1,_Z20needle_cuda_shared_2PiS_iiii, 34, 0, 2, 454377, 13.588911, 0.519949
2016_09_07_04_46_03_cudaNW_carolk402.log,1,_Z20needle_cuda_shared_2PiS_iiii, 72, 0, 2, 324927, 5.754630, 0.851547
2016_09_07_04_46_16_cudaNW_carolk402.log,0,_Z13GoldChkKernelPiS_i, 0, 0, 2, 55166733, 1.030260, 0.872317
2016_09_07_04_46_52_cudaNW_carolk402.log,0,_Z20needle_cuda_shared_2PiS_iiii, 27, 0, 2, 711604, 4.691689, 0.962697
2016_09_07_04_47_02_cudaNW_carolk402.log,0,_Z20needle_cuda_shared_1PiS_iiii, 59, 0, 2, 410830, 11.384972, 0.435553
2016_09_07_04_47_24_cudaNW_carolk402.log,0,_Z20needle_cuda_shared_1PiS_iiii, 40, 0, 2, 26834, 1.567332, 0.005702
2016_09_07_04_47_27_cudaNW_carolk402.log,0,_Z20needle_cuda_shared_1PiS_iiii, 102, 0, 2, 685821, 7.566563, 0.731838
2016_09_07_04_47_29_cudaNW_carolk402.log,1,_Z20needle_cuda_shared_2PiS_iiii, 13, 0, 2, 75473, 6.011763, 0.428549
2016_09_07_04_47_31_cudaNW_carolk402.log,0,_Z13GoldChkKernelPiS_i, 0, 0, 2, 62875110, 1.688730, 0.103391
2016_09_07_04_47_36_cudaNW_carolk402.log,0,_Z13GoldChkKernelPiS_i, 0, 0, 2, 40816173, 1.670599, 0.511155
2016_09_07_04_47_45_cudaNW_carolk402.log,0,_Z20needle_cuda_shared_2PiS_iiii, 3, 0, 2, 747470, 11.631117, 0.616457
2016_09_07_04_47_55_cudaNW_carolk402.log,0,_Z20needle_cuda_shared_1PiS_iiii, 110, 0, 2, 584439, 7.825963, 0.120132
2016_09_07_04_47_57_cudaNW_carolk402.log,0,_Z13GoldChkKernelPiS_i, 0, 0, 2, 55808083, 1.826492, 0.525369
2016_09_07_04_48_19_cudaNW_carolk402.log,0,_Z13GoldChkKernelPiS_i, 0, 0, 2, 64254242, 1.140699, 0.526454
2016_09_07_04_48_36_cudaNW_carolk402.log,0,_Z20needle_cuda_shared_1PiS_iiii, 117, 0, 2, 45489, 7.156978, 0.078259
2016_09_07_04_48_50_cudaNW_carolk402.log,0,_Z20needle_cuda_shared_1PiS_iiii, 56, 0, 2, 314992, 5.525162, 0.399945
2016_09_07_04_48_56_cudaNW_carolk402.log,0,_Z13GoldChkKernelPiS_i, 0, 0, 2, 64123704, 1.967208, 0.247804
2016_09_07_04_48_58_cudaNW_carolk402.log,0,_Z13GoldChkKernelPiS_i, 0, 0, 2, 65984303, 1.782774, 0.719918
2016_09_07_04_49_10_cudaNW_carolk402.log,0,_Z20needle_cuda_shared_1PiS_iiii, 96, 0, 2, 261974, 5.295820, 0.989235
2016_09_07_04_49_12_cudaNW_carolk402.log,0,_Z20needle_cuda_shared_1PiS_iiii, 127, 0, 2, 590109, 1.856614, 0.846746
2016_09_07_04_49_20_cudaNW_carolk402.log,0,_Z20needle_cuda_shared_2PiS_iiii, 81, 0, 2, 156347, 10.293910, 0.895798
2016_09_07_04_49_22_cudaNW_carolk402.log,0,_Z13GoldChkKernelPiS_i, 0, 0, 2, 13091780, 1.525868, 0.403089
2016_09_07_04_49_39_cudaNW_carolk402.log,0,_Z13GoldChkKernelPiS_i, 0, 0, 2, 12150293, 1.645286, 0.860109
2016_09_07_04_49_41_cudaNW_carolk402.log,1,_Z20needle_cuda_shared_2PiS_iiii, 23, 0, 2, 60619, 6.238010, 0.562027
2016_09_07_04_49_45_cudaNW_carolk402.log,0,_Z20needle_cuda_shared_2PiS_iiii, 46, 0, 2, 76594, 1.112105, 0.435557
2016_09_07_04_49_55_cudaNW_carolk402.log,0,_Z20needle_cuda_shared_2PiS_iiii, 19, 0, 2, 453692, 1.379970, 0.806360
2016_09_07_04_50_02_cudaNW_carolk402.log,0,_Z20needle_cuda_shared_2PiS_iiii, 37, 0, 2, 84678, 1.883470, 0.516594
2016_09_07_04_50_16_cudaNW_carolk402.log,0,_Z13GoldChkKernelPiS_i, 0, 0, 2, 59151068, 1.980346, 0.377702
2016_09_07_04_50_31_cudaNW_carolk402.log,0,_Z13GoldChkKernelPiS_i, 0, 0, 2, 68071441, 1.329523, 0.619463
2016_09_07_04_50_33_cudaNW_carolk402.log,0,_Z20needle_cuda_shared_1PiS_iiii, 116, 0, 2, 481295, 13.947452, 0.011223
2016_09_07_04_51_30_cudaNW_carolk402.log,0,_Z20needle_cuda_shared_1PiS_iiii, 77, 0, 2, 261119, 7.981421, 0.487567
2016_09_07_04_51_39_cudaNW_carolk402.log,0,_Z13GoldChkKernelPiS_i, 0, 0, 2, 29949842, 1.483266, 0.561166
2016_09_07_04_51_43_cudaNW_carolk402.log,0,_Z13GoldChkKernelPiS_i, 0, 0, 2, 44782208, 3.784008, 0.301044
2016_09_07_04_51_49_cudaNW_carolk402.log,0,_Z13GoldChkKernelPiS_i, 0, 0, 2, 6561261, 1.096572, 0.692206
2016_09_07_04_51_51_cudaNW_carolk402.log,0,_Z20needle_cuda_shared_1PiS_iiii, 101, 0, 2, 532623, 1.450380, 0.660663
2016_09_07_04_51_53_cudaNW_carolk402.log,0,_Z13GoldChkKernelPiS_i, 0, 0, 2, 40691391, 1.785958, 0.536618
2016_09_07_04_52_04_cudaNW_carolk402.log,0,_Z13GoldChkKernelPiS_i, 0, 0, 2, 45302976, 3.715894, 0.366964
2016_09_07_04_52_28_cudaNW_carolk402.log,0,_Z13GoldChkKernelPiS_i, 0, 0, 2, 53345191, 1.163375, 0.898269
2016_09_07_04_52_40_cudaNW_carolk402.log,0,_Z13GoldChkKernelPiS_i, 0, 0, 2, 9049777, 3.932305, 0.348973
2016_09_07_04_52_59_cudaNW_carolk402.log,0,_Z13GoldChkKernelPiS_i, 0, 0, 2, 49953776, 3.006890, 0.327023
2016_09_07_04_53_01_cudaNW_carolk402.log,0,_Z13GoldChkKernelPiS_i, 0, 0, 2, 25402533, 1.141685, 0.527934
2016_09_07_04_53_13_cudaNW_carolk402.log,0,_Z13GoldChkKernelPiS_i, 0, 0, 2, 68494390, 1.973902, 0.162146
2016_09_07_04_53_33_cudaNW_carolk402.log,0,_Z20needle_cuda_shared_1PiS_iiii, 111, 0, 2, 738009, 1.473498, 0.124278
2016_09_07_04_53_59_cudaNW_carolk402.log,0,_Z20needle_cuda_shared_2PiS_iiii, 24, 0, 2, 401549, 1.293852, 0.030875
2016_09_07_04_54_01_cudaNW_carolk402.log,0,_Z20needle_cuda_shared_2PiS_iiii, 38, 0, 2, 591843, 1.541868, 0.612906
2016_09_07_04_54_05_cudaNW_carolk402.log,0,_Z20needle_cuda_shared_2PiS_iiii, 35, 0, 2, 474139, 10.196756, 0.091524
2016_09_07_04_54_07_cudaNW_carolk402.log,0,_Z13GoldChkKernelPiS_i, 0, 0, 2, 18899426, 1.796730, 0.128865
2016_09_07_04_54_15_cudaNW_carolk402.log,0,_Z20needle_cuda_shared_1PiS_iiii, 68, 0, 2, 171592, 12.665501, 0.836275
2016_09_07_04_54_23_cudaNW_carolk402.log,0,_Z13GoldChkKernelPiS_i, 0, 0, 2, 12091321, 1.689251, 0.404620
2016_09_07_04_55_09_cudaNW_carolk402.log,0,_Z20needle_cuda_shared_1PiS_iiii, 18, 0, 2, 116765, 3.748443, 0.347713
2016_09_07_04_55_33_cudaNW_carolk402.log,0,_Z13GoldChkKernelPiS_i, 0, 0, 2, 5614055, 1.550824, 0.329098
2016_09_07_04_55_37_cudaNW_carolk402.log,0,_Z13GoldChkKernelPiS_i, 0, 0, 2, 43400565, 1.962744, 0.392018
2016_09_07_04_55_50_cudaNW_carolk402.log,0,_Z20needle_cuda_shared_1PiS_iiii, 96, 0, 2, 481275, 10.328039, 0.393558
2016_09_07_04_56_06_cudaNW_carolk402.log,0,_Z13GoldChkKernelPiS_i, 0, 0, 2, 34865428, 1.974642, 0.570530
2016_09_07_04_56_16_cudaNW_carolk402.log,0,_Z20needle_cuda_shared_1PiS_iiii, 71, 0, 2, 427957, 3.698699, 0.763713
2016_09_07_04_56_29_cudaNW_carolk402.log,0,_Z13GoldChkKernelPiS_i, 0, 0, 2, 8330089, 1.683335, 0.382386
2016_09_07_04_56_31_cudaNW_carolk402.log,0,_Z20needle_cuda_shared_2PiS_iiii, 49, 0, 2, 57805, 4.678326, 0.461033
2016_09_07_04_58_01_cudaNW_carolk402.log,0,_Z20needle_cuda_shared_2PiS_iiii, 32, 0, 0, 483265, 1.722118, 0.194134
2016_09_07_04_58_07_cudaNW_carolk402.log,0,_Z20needle_cuda_shared_1PiS_iiii, 97, 0, 0, 566093, 6.955673, 0.268703
2016_09_07_04_58_14_cudaNW_carolk402.log,1,_Z20needle_cuda_shared_2PiS_iiii, 10, 0, 0, 799740, 10.050034, 0.612138
2016_09_07_04_58_16_cudaNW_carolk402.log,0,_Z20needle_cuda_shared_1PiS_iiii, 105, 0, 0, 165799, 7.991805, 0.060356
2016_09_07_04_58_22_cudaNW_carolk402.log,0,_Z13GoldChkKernelPiS_i, 0, 0, 0, 69641723, 1.295098, 0.538228
2016_09_07_04_58_43_cudaNW_carolk402.log,0,_Z13GoldChkKernelPiS_i, 0, 0, 0, 12899258, 0.205968, 0.971557
2016_09_07_04_58_51_cudaNW_carolk402.log,1,_Z20needle_cuda_shared_2PiS_iiii, 6, 0, 0, 401724, 0.370757, 0.437292
2016_09_07_04_59_02_cudaNW_carolk402.log,0,_Z20needle_cuda_shared_2PiS_iiii, 110, 0, 0, 45026, 10.284923, 0.467459
2016_09_07_04_59_06_cudaNW_carolk402.log,1,_Z20needle_cuda_shared_1PiS_iiii, 119, 0, 0, 74711, 4.937281, 0.162617
2016_09_07_04_59_12_cudaNW_carolk402.log,1,_Z20needle_cuda_shared_2PiS_iiii, 40, 0, 0, 275386, 4.176451, 0.544527
2016_09_07_04_59_16_cudaNW_carolk402.log,0,_Z13GoldChkKernelPiS_i, 0, 0, 0, 8452323, 1.509839, 0.990179
2016_09_07_04_59_19_cudaNW_carolk402.log,0,_Z20needle_cuda_shared_2PiS_iiii, 41, 0, 0, 301568, 10.511319, 0.073767
2016_09_07_04_59_23_cudaNW_carolk402.log,0,_Z13GoldChkKernelPiS_i, 0, 0, 0, 39678504, 1.618961, 0.920660
2016_09_07_04_59_39_cudaNW_carolk402.log,0,_Z13GoldChkKernelPiS_i, 0, 0, 0, 8085099, 1.571810, 0.746930
2016_09_07_04_59_41_cudaNW_carolk402.log,0,_Z13GoldChkKernelPiS_i, 0, 0, 0, 55130792, 1.020603, 0.159193
2016_09_07_04_59_43_cudaNW_carolk402.log,0,_Z13GoldChkKernelPiS_i, 0, 0, 0, 50047750, 1.673488, 0.894536
2016_09_07_04_59_52_cudaNW_carolk402.log,1,_Z20needle_cuda_shared_2PiS_iiii, 15, 0, 0, 233074, 9.009505, 0.134866
2016_09_07_04_59_56_cudaNW_carolk402.log,1,_Z20needle_cuda_shared_2PiS_iiii, 12, 0, 0, 491150, 5.586605, 0.356795
2016_09_07_05_00_01_cudaNW_carolk402.log,0,_Z13GoldChkKernelPiS_i, 0, 0, 0, 8722099, 5.997982, 0.080081
2016_09_07_05_00_05_cudaNW_carolk402.log,0,_Z13GoldChkKernelPiS_i, 0, 0, 0, 46052849, 1.289954, 0.517938
2016_09_07_05_00_07_cudaNW_carolk402.log,1,_Z20needle_cuda_shared_1PiS_iiii, 105, 0, 0, 33810, 7.132580, 0.107043
2016_09_07_05_00_21_cudaNW_carolk402.log,1,_Z20needle_cuda_shared_1PiS_iiii, 66, 0, 0, 292685, 3.286779, 0.534263
2016_09_07_05_00_23_cudaNW_carolk402.log,0,_Z20needle_cuda_shared_1PiS_iiii, 96, 0, 0, 631811, 3.194941, 0.048545
2016_09_07_05_00_33_cudaNW_carolk402.log,0,_Z13GoldChkKernelPiS_i, 0, 0, 0, 5104999, 0.307983, 0.358012
2016_09_07_05_00_52_cudaNW_carolk402.log,0,_Z13GoldChkKernelPiS_i, 0, 0, 0, 34070419, 5.584481, 0.112273
2016_09_07_05_00_55_cudaNW_carolk402.log,0,_Z20needle_cuda_shared_2PiS_iiii, 34, 0, 0, 507060, 1.102164, 0.995241
2016_09_07_05_01_11_cudaNW_carolk402.log,0,_Z13GoldChkKernelPiS_i, 0, 0, 0, 32854412, 3.158416, 0.375922
2016_09_07_05_01_29_cudaNW_carolk402.log,0,_Z20needle_cuda_shared_1PiS_iiii, 80, 0, 0, 569537, 1.460551, 0.251836
2016_09_07_05_01_31_cudaNW_carolk402.log,0,_Z20needle_cuda_shared_1PiS_iiii, 28, 0, 0, 90309, 12.468641, 0.710803
2016_09_07_05_01_49_cudaNW_carolk402.log,0,_Z13GoldChkKernelPiS_i, 0, 0, 0, 51058271, 0.075311, 0.152685
2016_09_07_05_02_00_cudaNW_carolk402.log,0,_Z20needle_cuda_shared_1PiS_iiii, 19, 0, 0, 4898, 6.202710, 0.554305
2016_09_07_05_02_02_cudaNW_carolk402.log,0,_Z20needle_cuda_shared_1PiS_iiii, 77, 0, 0, 21441, 0.503785, 0.577000
2016_09_07_05_02_16_cudaNW_carolk402.log,1,_Z20needle_cuda_shared_1PiS_iiii, 70, 0, 0, 276050, 0.506892, 0.370396
2016_09_07_05_02_25_cudaNW_carolk402.log,0,_Z20needle_cuda_shared_2PiS_iiii, 75, 0, 0, 2317, 1.287939, 0.683968
2016_09_07_05_02_32_cudaNW_carolk402.log,1,_Z20needle_cuda_shared_1PiS_iiii, 58, 0, 0, 336189, 4.299004, 0.160220
2016_09_07_05_02_35_cudaNW_carolk402.log,1,_Z20needle_cuda_shared_2PiS_iiii, 84, 0, 0, 295140, 3.753294, 0.243000
2016_09_07_05_02_37_cudaNW_carolk402.log,1,_Z20needle_cuda_shared_1PiS_iiii, 14, 0, 0, 75410, 0.167077, 0.327085
2016_09_07_05_02_46_cudaNW_carolk402.log,0,_Z20needle_cuda_shared_2PiS_iiii, 11, 0, 0, 288843, 12.743927, 0.151042
2016_09_07_05_02_53_cudaNW_carolk402.log,0,_Z20needle_cuda_shared_2PiS_iiii, 33, 0, 0, 103523, 8.015028, 0.009544
2016_09_07_05_02_59_cudaNW_carolk402.log,0,_Z13GoldChkKernelPiS_i, 0, 0, 0, 3029186, 1.033255, 0.109716
2016_09_07_05_03_09_cudaNW_carolk402.log,1,_Z20needle_cuda_shared_1PiS_iiii, 126, 0, 0, 591930, 12.401232, 0.075927
2016_09_07_05_03_16_cudaNW_carolk402.log,0,_Z20needle_cuda_shared_2PiS_iiii, 1, 0, 0, 449489, 1.341276, 0.122180
2016_09_07_05_03_18_cudaNW_carolk402.log,1,_Z20needle_cuda_shared_2PiS_iiii, 73, 0, 0, 306290, 7.294390, 0.578287
2016_09_07_05_03_21_cudaNW_carolk402.log,0,_Z13GoldChkKernelPiS_i, 0, 0, 0, 23867777, 4.007971, 0.339833
2016_09_07_05_03_23_cudaNW_carolk402.log,0,_Z13GoldChkKernelPiS_i, 0, 0, 0, 51323955, 1.080804, 0.973874
2016_09_07_05_03_42_cudaNW_carolk402.log,0,_Z13GoldChkKernelPiS_i, 0, 0, 0, 20184501, 0.361871, 0.152293
2016_09_07_05_03_47_cudaNW_carolk402.log,0,_Z20needle_cuda_shared_1PiS_iiii, 99, 0, 0, 264429, 7.063368, 0.223204
2016_09_07_05_03_49_cudaNW_carolk402.log,0,_Z20needle_cuda_shared_2PiS_iiii, 47, 0, 0, 402402, 10.011278, 0.639827
2016_09_07_05_03_51_cudaNW_carolk402.log,0,_Z13GoldChkKernelPiS_i, 0, 0, 0, 7511323, 0.817326, 0.236391
2016_09_07_05_04_01_cudaNW_carolk402.log,0,_Z20needle_cuda_shared_2PiS_iiii, 65, 0, 0, 419196, 5.777813, 0.386128
2016_09_07_05_04_03_cudaNW_carolk402.log,1,_Z20needle_cuda_shared_2PiS_iiii, 13, 0, 0, 643905, 9.107173, 0.884262
2016_09_07_05_04_05_cudaNW_carolk402.log,0,_Z20needle_cuda_shared_1PiS_iiii, 126, 0, 0, 528564, 14.005958, 0.354930
2016_09_07_05_04_11_cudaNW_carolk402.log,1,_Z20needle_cuda_shared_2PiS_iiii, 47, 0, 0, 284933, 6.207023, 0.118148
2016_09_07_05_04_15_cudaNW_carolk402.log,0,_Z13GoldChkKernelPiS_i, 0, 0, 0, 55428558, 1.735618, 0.648858
2016_09_07_05_04_17_cudaNW_carolk402.log,0,_Z13GoldChkKernelPiS_i, 0, 0, 0, 11943810, 3.897072, 0.262910
2016_09_07_05_04_31_cudaNW_carolk402.log,0,_Z13GoldChkKernelPiS_i, 0, 0, 0, 24954771, 0.954513, 0.657355
2016_09_07_05_04_36_cudaNW_carolk402.log,1,_Z20needle_cuda_shared_2PiS_iiii, 46, 0, 0, 208466, 0.107694, 0.461035
2016_09_07_05_04_43_cudaNW_carolk402.log,0,_Z20needle_cuda_shared_1PiS_iiii, 112, 0, 0, 781539, 5.934337, 0.356018
2016_09_07_05_04_45_cudaNW_carolk402.log,0,_Z13GoldChkKernelPiS_i, 0, 0, 0, 7057320, 2.923156, 0.108110
2016_09_07_05_04_46_cudaNW_carolk402.log,0,_Z13GoldChkKernelPiS_i, 0, 0, 0, 61728397, 4.181588, 0.280714
2016_09_07_05_04_53_cudaNW_carolk402.log,0,_Z13GoldChkKernelPiS_i, 0, 0, 0, 38486342, 1.356839, 0.580018
2016_09_07_05_05_11_cudaNW_carolk402.log,0,_Z13GoldChkKernelPiS_i, 0, 0, 0, 37404103, 1.512207, 0.407147
2016_09_07_05_05_13_cudaNW_carolk402.log,0,_Z13GoldChkKernelPiS_i, 0, 0, 0, 47061346, 0.950734, 0.046524
2016_09_07_05_05_18_cudaNW_carolk402.log,0,_Z20needle_cuda_shared_2PiS_iiii, 50, 0, 0, 507093, 6.870159, 0.489428
2016_09_07_05_05_22_cudaNW_carolk402.log,0,_Z13GoldChkKernelPiS_i, 0, 0, 0, 31581827, 3.891413, 0.777692
2016_09_07_05_05_27_cudaNW_carolk402.log,0,_Z13GoldChkKernelPiS_i, 0, 0, 0, 64961398, 0.586477, 0.161441
2016_09_07_05_05_29_cudaNW_carolk402.log,1,_Z20needle_cuda_shared_2PiS_iiii, 14, 0, 0, 607000, 0.805654, 0.160024
2016_09_07_05_05_31_cudaNW_carolk402.log,0,_Z13GoldChkKernelPiS_i, 0, 0, 0, 28065086, 1.887827, 0.473140
2016_09_07_05_05_36_cudaNW_carolk402.log,0,_Z13GoldChkKernelPiS_i, 0, 0, 0, 30129114, 1.478859, 0.543325
2016_09_07_05_05_37_cudaNW_carolk402.log,0,_Z20needle_cuda_shared_2PiS_iiii, 36, 0, 0, 515813, 4.750236, 0.697604
2016_09_07_05_05_43_cudaNW_carolk402.log,0,_Z20needle_cuda_shared_1PiS_iiii, 37, 0, 0, 224525, 6.793386, 0.208260
2016_09_07_05_05_55_cudaNW_carolk402.log,0,_Z20needle_cuda_shared_1PiS_iiii, 96, 0, 0, 342696, 5.135971, 0.048994
2016_09_07_05_06_02_cudaNW_carolk402.log,0,_Z20needle_cuda_shared_2PiS_iiii, 0, 0, 0, 112553, 1.378822, 0.205817
2016_09_07_05_06_06_cudaNW_carolk402.log,1,_Z20needle_cuda_shared_2PiS_iiii, 26, 0, 0, 402546, 0.412775, 0.572690
2016_09_07_05_06_08_cudaNW_carolk402.log,0,_Z13GoldChkKernelPiS_i, 0, 0, 0, 67579490, 1.012927, 0.863775
2016_09_07_05_06_13_cudaNW_carolk402.log,0,_Z13GoldChkKernelPiS_i, 0, 0, 0, 38608360, 0.552386, 0.863000
2016_09_07_05_06_29_cudaNW_carolk402.log,1,_Z20needle_cuda_shared_1PiS_iiii, 20, 0, 0, 134654, 5.930688, 0.019982
2016_09_07_05_06_32_cudaNW_carolk402.log,1,_Z20needle_cuda_shared_1PiS_iiii, 123, 0, 0, 292905, 0.951519, 0.394798
2016_09_07_05_06_40_cudaNW_carolk402.log,1,_Z20needle_cuda_shared_1PiS_iiii, 119, 0, 0, 824013, 10.923351, 0.226031
2016_09_07_05_06_42_cudaNW_carolk402.log,0,_Z20needle_cuda_shared_2PiS_iiii, 14, 0, 0, 683353, 6.877033, 0.906632
2016_09_07_05_06_48_cudaNW_carolk402.log,0,_Z13GoldChkKernelPiS_i, 0, 0, 0, 41843551, 2.672394, 0.647695
2016_09_07_05_06_58_cudaNW_carolk402.log,0,_Z13GoldChkKernelPiS_i, 0, 0, 0, 58079014, 1.693578, 0.939414
2016_09_07_05_07_04_cudaNW_carolk402.log,0,_Z13GoldChkKernelPiS_i, 0, 0, 0, 21212050, 1.580762, 0.973814
2016_09_07_05_07_06_cudaNW_carolk402.log,0,_Z20needle_cuda_shared_2PiS_iiii, 0, 0, 0, 893653, 4.388407, 0.732589
2016_09_07_05_07_10_cudaNW_carolk402.log,0,_Z13GoldChkKernelPiS_i, 0, 0, 0, 4564550, 1.439427, 0.600605
2016_09_07_05_07_19_cudaNW_carolk402.log,0,_Z13GoldChkKernelPiS_i, 0, 0, 0, 39002335, 5.741820, 0.076838
2016_09_07_05_07_24_cudaNW_carolk402.log,0,_Z13GoldChkKernelPiS_i, 0, 0, 0, 58963259, 1.822361, 0.207305
2016_09_07_05_07_32_cudaNW_carolk402.log,0,_Z13GoldChkKernelPiS_i, 0, 0, 0, 10134524, 1.052318, 0.795654
2016_09_07_05_07_53_cudaNW_carolk402.log,1,_Z20needle_cuda_shared_2PiS_iiii, 34, 0, 0, 301478, 4.808508, 0.149512
2016_09_07_05_07_57_cudaNW_carolk402.log,0,_Z13GoldChkKernelPiS_i, 0, 0, 0, 15675242, 1.514864, 0.964580
2016_09_07_05_08_10_cudaNW_carolk402.log,0,_Z13GoldChkKernelPiS_i, 0, 0, 0, 5119938, 1.034727, 0.709646
2016_09_07_05_08_18_cudaNW_carolk402.log,0,_Z13GoldChkKernelPiS_i, 0, 0, 0, 57302891, 1.820483, 0.989573
2016_09_07_05_08_33_cudaNW_carolk402.log,1,_Z20needle_cuda_shared_1PiS_iiii, 17, 0, 0, 85262, 6.435236, 0.176336
2016_09_07_05_08_35_cudaNW_carolk402.log,1,_Z20needle_cuda_shared_1PiS_iiii, 46, 0, 0, 194297, 4.602967, 0.001191
2016_09_07_05_08_40_cudaNW_carolk402.log,1,_Z20needle_cuda_shared_1PiS_iiii, 22, 0, 0, 108239, 4.569662, 0.500011
2016_09_07_05_08_47_cudaNW_carolk402.log,1,_Z20needle_cuda_shared_2PiS_iiii, 73, 0, 0, 291165, 11.166706, 0.643734
2016_09_07_05_08_49_cudaNW_carolk402.log,0,_Z20needle_cuda_shared_2PiS_iiii, 80, 0, 0, 118086, 12.197102, 0.601016
2016_09_07_05_08_51_cudaNW_carolk402.log,0,_Z13GoldChkKernelPiS_i, 0, 0, 0, 10755886, 3.015386, 0.086377
2016_09_07_05_08_54_cudaNW_carolk402.log,0,_Z13GoldChkKernelPiS_i, 0, 0, 0, 16556584, 1.736675, 0.811241
2016_09_07_05_08_56_cudaNW_carolk402.log,0,_Z20needle_cuda_shared_2PiS_iiii, 70, 0, 0, 294801, 11.931858, 0.677828
2016_09_07_05_08_58_cudaNW_carolk402.log,1,_Z20needle_cuda_shared_2PiS_iiii, 7, 0, 0, 554080, 3.671303, 0.592273
2016_09_07_05_09_00_cudaNW_carolk402.log,0,_Z13GoldChkKernelPiS_i, 0, 0, 0, 68162834, 1.997301, 0.897634
2016_09_07_05_09_02_cudaNW_carolk402.log,0,_Z13GoldChkKernelPiS_i, 0, 0, 0, 34261100, 3.361751, 0.078898
2016_09_07_05_09_06_cudaNW_carolk402.log,0,_Z13GoldChkKernelPiS_i, 0, 0, 0, 6628064, 1.097641, 0.363630
2016_09_07_05_09_07_cudaNW_carolk402.log,0,_Z13GoldChkKernelPiS_i, 0, 0, 0, 24232163, 3.921726, 0.776522
2016_09_07_05_09_21_cudaNW_carolk402.log,0,_Z20needle_cuda_shared_1PiS_iiii, 49, 0, 0, 4759, 4.246944, 0.604717
2016_09_07_05_09_23_cudaNW_carolk402.log,1,_Z20needle_cuda_shared_2PiS_iiii, 48, 0, 0, 514492, 3.602629, 0.476851
2016_09_07_05_09_32_cudaNW_carolk402.log,0,_Z13GoldChkKernelPiS_i, 0, 0, 0, 48280139, 3.467182, 0.292883
2016_09_07_05_09_45_cudaNW_carolk402.log,1,_Z20needle_cuda_shared_2PiS_iiii, 60, 0, 0, 70951, 6.657566, 0.395570
2016_09_07_05_09_54_cudaNW_carolk402.log,0,_Z20needle_cuda_shared_2PiS_iiii, 43, 0, 0, 431348, 10.659900, 0.613059
2016_09_07_05_10_01_cudaNW_carolk402.log,0,_Z20needle_cuda_shared_1PiS_iiii, 100, 0, 0, 625285, 11.442000, 0.225170
2016_09_07_05_10_06_cudaNW_carolk402.log,1,_Z20needle_cuda_shared_1PiS_iiii, 94, 0, 0, 405557, 5.877594, 0.285906
2016_09_07_05_10_15_cudaNW_carolk402.log,0,_Z20needle_cuda_shared_1PiS_iiii, 92, 0, 0, 346580, 1.902054, 0.136943
2016_09_07_05_10_27_cudaNW_carolk402.log,1,_Z20needle_cuda_shared_2PiS_iiii, 67, 0, 0, 195007, 6.430344, 0.314737
2016_09_07_05_10_31_cudaNW_carolk402.log,0,_Z20needle_cuda_shared_1PiS_iiii, 119, 0, 0, 527723, 5.747491, 0.023775
2016_09_07_05_10_41_cudaNW_carolk402.log,0,_Z13GoldChkKernelPiS_i, 0, 0, 0, 24870009, 0.315299, 0.375329
2016_09_07_05_10_48_cudaNW_carolk402.log,0,_Z13GoldChkKernelPiS_i, 0, 0, 0, 34763496, 1.866980, 0.284358
2016_09_07_05_10_52_cudaNW_carolk402.log,1,_Z20needle_cuda_shared_1PiS_iiii, 98, 0, 0, 395178, 10.802159, 0.079982
2016_09_07_05_10_57_cudaNW_carolk402.log,0,_Z13GoldChkKernelPiS_i, 0, 0, 0, 51002500, 1.177344, 0.072774
2016_09_07_05_11_03_cudaNW_carolk402.log,1,_Z20needle_cuda_shared_2PiS_iiii, 14, 0, 0, 625121, 7.750267, 0.236867
2016_09_07_05_11_06_cudaNW_carolk402.log,0,_Z20needle_cuda_shared_2PiS_iiii, 96, 0, 0, 155766, 1.434204, 0.471055
2016_09_07_05_11_10_cudaNW_carolk402.log,1,_Z20needle_cuda_shared_1PiS_iiii, 75, 0, 0, 223696, 0.888554, 0.440586
2016_09_07_05_11_11_cudaNW_carolk402.log,0,_Z13GoldChkKernelPiS_i, 0, 0, 0, 33196534, 1.258723, 0.472196
2016_09_07_05_11_13_cudaNW_carolk402.log,0,_Z13GoldChkKernelPiS_i, 0, 0, 0, 15043722, 5.259291, 0.215965
2016_09_07_05_11_15_cudaNW_carolk402.log,1,_Z20needle_cuda_shared_1PiS_iiii, 61, 0, 0, 213576, 4.802950, 0.236486
2016_09_07_05_11_17_cudaNW_carolk402.log,0,_Z20needle_cuda_shared_1PiS_iiii, 22, 0, 0, 72378, 10.985353, 0.694710
2016_09_07_05_11_26_cudaNW_carolk402.log,0,_Z13GoldChkKernelPiS_i, 0, 0, 0, 13187064, 1.718006, 0.472622
2016_09_07_05_11_28_cudaNW_carolk402.log,0,_Z20needle_cuda_shared_2PiS_iiii, 12, 0, 0, 265869, 13.561983, 0.585318
2016_09_07_05_11_40_cudaNW_carolk402.log,0,_Z20needle_cuda_shared_2PiS_iiii, 3, 0, 0, 110511, 1.765427, 0.998999
2016_09_07_05_11_50_cudaNW_carolk402.log,0,_Z13GoldChkKernelPiS_i, 0, 0, 0, 62418392, 1.095509, 0.705122
2016_09_07_05_12_00_cudaNW_carolk402.log,0,_Z20needle_cuda_shared_2PiS_iiii, 18, 0, 0, 664600, 4.949724, 0.415032
2016_09_07_05_12_04_cudaNW_carolk402.log,0,_Z13GoldChkKernelPiS_i, 0, 0, 0, 15765535, 1.546316, 0.991984
2016_09_07_05_12_06_cudaNW_carolk402.log,1,_Z20needle_cuda_shared_1PiS_iiii, 87, 0, 0, 302307, 6.188056, 0.322048
2016_09_07_05_12_07_cudaNW_carolk402.log,0,_Z20needle_cuda_shared_2PiS_iiii, 33, 0, 0, 525261, 5.821958, 0.623658
2016_09_07_05_12_11_cudaNW_carolk402.log,0,_Z13GoldChkKernelPiS_i, 0, 0, 0, 68791275, 1.914941, 0.772022
2016_09_07_05_12_13_cudaNW_carolk402.log,0,_Z13GoldChkKernelPiS_i, 0, 0, 0, 27067811, 4.218121, 0.509260
2016_09_07_05_12_20_cudaNW_carolk402.log,0,_Z13GoldChkKernelPiS_i, 0, 0, 0, 59983176, 1.724966, 0.863867
2016_09_07_05_12_28_cudaNW_carolk402.log,1,_Z20needle_cuda_shared_2PiS_iiii, 34, 0, 0, 156149, 11.656109, 0.718923
2016_09_07_05_12_32_cudaNW_carolk402.log,0,_Z13GoldChkKernelPiS_i, 0, 0, 0, 26361767, 3.588100, 0.458742
2016_09_07_05_12_36_cudaNW_carolk402.log,1,_Z20needle_cuda_shared_2PiS_iiii, 19, 0, 0, 642827, 0.171116, 0.562043
2016_09_07_05_12_49_cudaNW_carolk402.log,0,_Z20needle_cuda_shared_2PiS_iiii, 13, 0, 0, 407966, 12.475760, 0.947320
2016_09_07_05_12_51_cudaNW_carolk402.log,1,_Z20needle_cuda_shared_2PiS_iiii, 7, 0, 0, 389634, 3.066328, 0.346273
2016_09_07_05_12_58_cudaNW_carolk402.log,0,_Z13GoldChkKernelPiS_i, 0, 0, 0, 14092498, 1.490582, 0.008949
2016_09_07_05_13_15_cudaNW_carolk402.log,1,_Z20needle_cuda_shared_1PiS_iiii, 118, 0, 0, 537308, 3.651768, 0.390366
2016_09_07_05_13_19_cudaNW_carolk402.log,0,_Z20needle_cuda_shared_2PiS_iiii, 6, 0, 0, 88201, 8.171966, 0.561279
2016_09_07_05_13_21_cudaNW_carolk402.log,0,_Z20needle_cuda_shared_1PiS_iiii, 31, 0, 0, 189794, 1.318221, 0.130160
2016_09_07_05_13_22_cudaNW_carolk402.log,0,_Z13GoldChkKernelPiS_i, 0, 0, 0, 36783604, 1.344061, 0.030752
2016_09_07_05_13_26_cudaNW_carolk402.log,0,_Z20needle_cuda_shared_2PiS_iiii, 19, 0, 0, 501342, 1.409408, 0.594314
2016_09_07_05_13_32_cudaNW_carolk402.log,0,_Z13GoldChkKernelPiS_i, 0, 0, 0, 68569780, 1.230096, 0.713646
2016_09_07_05_13_43_cudaNW_carolk402.log,0,_Z13GoldChkKernelPiS_i, 0, 0, 0, 13239964, 2.294775, 0.280235
2016_09_07_05_14_03_cudaNW_carolk402.log,0,_Z13GoldChkKernelPiS_i, 0, 0, 0, 33205457, 3.382135, 0.555591
2016_09_07_05_14_15_cudaNW_carolk402.log,0,_Z20needle_cuda_shared_1PiS_iiii, 124, 0, 0, 683208, 6.230952, 0.256890
2016_09_07_05_14_24_cudaNW_carolk402.log,0,_Z13GoldChkKernelPiS_i, 0, 0, 0, 17257368, 1.098055, 0.325501
2016_09_07_05_14_56_cudaNW_carolk402.log,0,_Z20needle_cuda_shared_2PiS_iiii, 0, 0, 2, 628572, 10.297153, 0.063038
2016_09_07_05_15_16_cudaNW_carolk402.log,0,_Z13GoldChkKernelPiS_i, 0, 0, 2, 880894, 1.385155, 0.622959
2016_09_07_05_15_18_cudaNW_carolk402.log,0,_Z20needle_cuda_shared_1PiS_iiii, 119, 0, 2, 663238, 3.641520, 0.827769
2016_09_07_05_15_19_cudaNW_carolk402.log,0,_Z13GoldChkKernelPiS_i, 0, 0, 2, 61626802, 1.765203, 0.450189
2016_09_07_05_15_24_cudaNW_carolk402.log,0,_Z20needle_cuda_shared_1PiS_iiii, 59, 0, 2, 262778, 1.969632, 0.896260
2016_09_07_05_15_30_cudaNW_carolk402.log,0,_Z20needle_cuda_shared_2PiS_iiii, 53, 0, 2, 21045, 1.980356, 0.774157
2016_09_07_05_15_32_cudaNW_carolk402.log,1,_Z20needle_cuda_shared_2PiS_iiii, 74, 0, 2, 89208, 14.305160, 0.244186
2016_09_07_05_15_44_cudaNW_carolk402.log,0,_Z20needle_cuda_shared_2PiS_iiii, 19, 0, 2, 92727, 4.732542, 0.397244
2016_09_07_05_16_07_cudaNW_carolk402.log,0,_Z20needle_cuda_shared_1PiS_iiii, 46, 0, 2, 284715, 1.105501, 0.053903
2016_09_07_05_16_32_cudaNW_carolk402.log,0,_Z13GoldChkKernelPiS_i, 0, 0, 2, 37330573, 0.385108, 0.444217
2016_09_07_05_16_42_cudaNW_carolk402.log,0,_Z13GoldChkKernelPiS_i, 0, 0, 2, 52273632, 1.925290, 0.406746
2016_09_07_05_16_59_cudaNW_carolk402.log,0,_Z20needle_cuda_shared_2PiS_iiii, 1, 0, 2, 70323, 8.579766, 0.722306
2016_09_07_05_17_07_cudaNW_carolk402.log,0,_Z13GoldChkKernelPiS_i, 0, 0, 2, 68313423, 1.028942, 0.003123
2016_09_07_05_17_47_cudaNW_carolk402.log,0,_Z13GoldChkKernelPiS_i, 0, 0, 2, 18527573, 1.786211, 0.714563
2016_09_07_05_18_50_cudaNW_carolk402.log,0,_Z20needle_cuda_shared_1PiS_iiii, 78, 0, 2, 396045, 7.873870, 0.165213
2016_09_07_05_18_52_cudaNW_carolk402.log,0,_Z13GoldChkKernelPiS_i, 0, 0, 2, 44238996, 1.807774, 0.137730
2016_09_07_05_19_02_cudaNW_carolk402.log,0,_Z13GoldChkKernelPiS_i, 0, 0, 2, 3117315, 0.584025, 0.195685
2016_09_07_05_19_12_cudaNW_carolk402.log,1,_Z20needle_cuda_shared_2PiS_iiii, 53, 0, 2, 93375, 9.936288, 0.346753
2016_09_07_05_19_19_cudaNW_carolk402.log,0,_Z20needle_cuda_shared_1PiS_iiii, 98, 0, 2, 407757, 1.084483, 0.663371
2016_09_07_05_19_32_cudaNW_carolk402.log,0,_Z20needle_cuda_shared_2PiS_iiii, 66, 0, 2, 212614, 1.200865, 0.922207
2016_09_07_05_19_55_cudaNW_carolk402.log,0,_Z13GoldChkKernelPiS_i, 0, 0, 2, 12838114, 3.103568, 0.382450
2016_09_07_05_20_52_cudaNW_carolk402.log,0,_Z20needle_cuda_shared_2PiS_iiii, 45, 0, 2, 531692, 5.886401, 0.033695
2016_09_07_05_20_54_cudaNW_carolk402.log,0,_Z13GoldChkKernelPiS_i, 0, 0, 2, 37732970, 1.613729, 0.669469
2016_09_07_05_20_56_cudaNW_carolk402.log,1,_Z20needle_cuda_shared_2PiS_iiii, 43, 0, 2, 544143, 8.609641, 0.174142
2016_09_07_05_21_01_cudaNW_carolk402.log,0,_Z20needle_cuda_shared_1PiS_iiii, 114, 0, 2, 265780, 8.981515, 0.703629
2016_09_07_05_21_08_cudaNW_carolk402.log,0,_Z20needle_cuda_shared_1PiS_iiii, 70, 0, 2, 413180, 1.640143, 0.746122
2016_09_07_05_21_10_cudaNW_carolk402.log,0,_Z13GoldChkKernelPiS_i, 0, 0, 2, 19146763, 1.567326, 0.623467
2016_09_07_05_21_22_cudaNW_carolk402.log,1,_Z20needle_cuda_shared_2PiS_iiii, 49, 0, 2, 280261, 11.191300, 0.226689
2016_09_07_05_21_24_cudaNW_carolk402.log,0,_Z20needle_cuda_shared_2PiS_iiii, 77, 0, 2, 348159, 10.449717, 0.849353
2016_09_07_05_21_26_cudaNW_carolk402.log,0,_Z13GoldChkKernelPiS_i, 0, 0, 2, 24225764, 0.965442, 0.810290
2016_09_07_05_21_28_cudaNW_carolk402.log,0,_Z20needle_cuda_shared_1PiS_iiii, 62, 0, 2, 61183, 7.329862, 0.365641
2016_09_07_05_21_35_cudaNW_carolk402.log,0,_Z20needle_cuda_shared_1PiS_iiii, 43, 0, 2, 92908, 9.111510, 0.637831
2016_09_07_05_21_57_cudaNW_carolk402.log,0,_Z13GoldChkKernelPiS_i, 0, 0, 2, 18103391, 1.659914, 0.552576
2016_09_07_05_22_01_cudaNW_carolk402.log,0,_Z13GoldChkKernelPiS_i, 0, 0, 2, 17409066, 1.705961, 0.298659
2016_09_07_05_22_29_cudaNW_carolk402.log,1,_Z20needle_cuda_shared_2PiS_iiii, 43, 0, 2, 511173, 10.390362, 0.559431
2016_09_07_05_22_31_cudaNW_carolk402.log,0,_Z20needle_cuda_shared_2PiS_iiii, 17, 0, 2, 393536, 10.017864, 0.321649
2016_09_07_05_22_35_cudaNW_carolk402.log,0,_Z13GoldChkKernelPiS_i, 0, 0, 2, 37243678, 1.901681, 0.840130
2016_09_07_05_22_46_cudaNW_carolk402.log,0,_Z13GoldChkKernelPiS_i, 0, 0, 2, 1026439, 0.089817, 0.222406
2016_09_07_05_23_01_cudaNW_carolk402.log,0,_Z20needle_cuda_shared_2PiS_iiii, 4, 0, 2, 135714, 8.491258, 0.896945
2016_09_07_05_23_03_cudaNW_carolk402.log,0,_Z20needle_cuda_shared_2PiS_iiii, 36, 0, 2, 403432, 9.163376, 0.839142
2016_09_07_05_23_20_cudaNW_carolk402.log,0,_Z13GoldChkKernelPiS_i, 0, 0, 2, 15509681, 1.495429, 0.329395
2016_09_07_05_23_26_cudaNW_carolk402.log,0,_Z20needle_cuda_shared_2PiS_iiii, 32, 0, 2, 550525, 6.084960, 0.698495
2016_09_07_05_23_28_cudaNW_carolk402.log,0,_Z13GoldChkKernelPiS_i, 0, 0, 2, 68601015, 1.414064, 0.653653
2016_09_07_05_23_36_cudaNW_carolk402.log,0,_Z20needle_cuda_shared_1PiS_iiii, 81, 0, 2, 227484, 5.282325, 0.710603
2016_09_07_05_24_05_cudaNW_carolk402.log,1,_Z20needle_cuda_shared_1PiS_iiii, 70, 0, 2, 404774, 5.769051, 0.740211
2016_09_07_05_24_24_cudaNW_carolk402.log,0,_Z20needle_cuda_shared_2PiS_iiii, 7, 0, 2, 723204, 1.608558, 0.958637
2016_09_07_05_24_38_cudaNW_carolk402.log,0,_Z20needle_cuda_shared_1PiS_iiii, 89, 0, 2, 599206, 6.727544, 0.669006
2016_09_07_05_24_51_cudaNW_carolk402.log,0,_Z13GoldChkKernelPiS_i, 0, 0, 2, 13637225, 1.396176, 0.957996
2016_09_07_05_25_05_cudaNW_carolk402.log,0,_Z13GoldChkKernelPiS_i, 0, 0, 2, 871599, 1.464997, 0.518458
2016_09_07_05_25_16_cudaNW_carolk402.log,0,_Z20needle_cuda_shared_2PiS_iiii, 82, 0, 2, 183703, 13.977489, 0.344161
2016_09_07_05_25_18_cudaNW_carolk402.log,0,_Z20needle_cuda_shared_2PiS_iiii, 78, 0, 2, 35570, 1.219202, 0.867992
2016_09_07_05_25_22_cudaNW_carolk402.log,0,_Z20needle_cuda_shared_1PiS_iiii, 95, 0, 2, 601192, 5.387714, 0.977131
2016_09_07_05_25_34_cudaNW_carolk402.log,0,_Z20needle_cuda_shared_1PiS_iiii, 55, 0, 2, 236516, 7.517374, 0.301161
2016_09_07_05_25_36_cudaNW_carolk402.log,0,_Z13GoldChkKernelPiS_i, 0, 0, 2, 3617389, 3.694973, 0.221934
2016_09_07_05_25_42_cudaNW_carolk402.log,0,_Z13GoldChkKernelPiS_i, 0, 0, 2, 51847657, 1.566424, 0.460717
2016_09_07_05_25_50_cudaNW_carolk402.log,0,_Z20needle_cuda_shared_2PiS_iiii, 9, 0, 2, 655099, 4.022913, 0.331437
2016_09_07_05_25_52_cudaNW_carolk402.log,0,_Z20needle_cuda_shared_1PiS_iiii, 86, 0, 2, 240446, 9.091005, 0.507089
2016_09_07_05_25_56_cudaNW_carolk402.log,0,_Z13GoldChkKernelPiS_i, 0, 0, 2, 47557511, 3.183263, 0.521731
2016_09_07_05_26_27_cudaNW_carolk402.log,1,_Z20needle_cuda_shared_1PiS_iiii, 61, 0, 2, 208702, 9.882008, 0.675345
2016_09_07_05_26_39_cudaNW_carolk402.log,0,_Z20needle_cuda_shared_1PiS_iiii, 94, 0, 2, 674903, 1.720706, 0.452239
2016_09_07_05_26_46_cudaNW_carolk402.log,0,_Z20needle_cuda_shared_2PiS_iiii, 60, 0, 2, 307193, 1.778683, 0.779986
2016_09_07_05_27_13_cudaNW_carolk402.log,0,_Z20needle_cuda_shared_2PiS_iiii, 13, 0, 2, 461934, 13.428242, 0.340228
2016_09_07_05_27_17_cudaNW_carolk402.log,0,_Z20needle_cuda_shared_1PiS_iiii, 104, 0, 2, 175262, 1.041807, 0.336681
2016_09_07_05_27_18_cudaNW_carolk402.log,0,_Z20needle_cuda_shared_2PiS_iiii, 67, 0, 2, 194116, 11.160419, 0.789663
2016_09_07_05_27_22_cudaNW_carolk402.log,0,_Z13GoldChkKernelPiS_i, 0, 0, 2, 9004113, 1.364395, 0.704605
2016_09_07_05_27_24_cudaNW_carolk402.log,0,_Z13GoldChkKernelPiS_i, 0, 0, 2, 53797591, 1.947382, 0.848404
2016_09_07_05_27_29_cudaNW_carolk402.log,0,_Z20needle_cuda_shared_1PiS_iiii, 82, 0, 2, 33907, 7.750145, 0.300696
2016_09_07_05_27_30_cudaNW_carolk402.log,0,_Z20needle_cuda_shared_1PiS_iiii, 67, 0, 2, 152795, 10.272563, 0.148239
2016_09_07_05_27_34_cudaNW_carolk402.log,0,_Z20needle_cuda_shared_2PiS_iiii, 60, 0, 2, 155134, 9.452318, 0.316143
2016_09_07_05_28_06_cudaNW_carolk402.log,0,_Z20needle_cuda_shared_2PiS_iiii, 49, 0, 2, 358709, 9.098647, 0.987082
2016_09_07_05_28_20_cudaNW_carolk402.log,0,_Z20needle_cuda_shared_1PiS_iiii, 43, 0, 2, 232694, 1.655174, 0.122379
2016_09_07_05_28_28_cudaNW_carolk402.log,0,_Z20needle_cuda_shared_2PiS_iiii, 58, 0, 2, 45158, 1.824027, 0.618659
2016_09_07_05_28_40_cudaNW_carolk402.log,0,_Z20needle_cuda_shared_1PiS_iiii, 126, 0, 2, 483967, 7.755258, 0.894353
2016_09_07_05_28_42_cudaNW_carolk402.log,0,_Z20needle_cuda_shared_2PiS_iiii, 9, 0, 2, 761390, 1.186656, 0.284953
2016_09_07_05_28_52_cudaNW_carolk402.log,1,_Z20needle_cuda_shared_2PiS_iiii, 62, 0, 2, 37360, 8.558172, 0.789975
2016_09_07_05_28_53_cudaNW_carolk402.log,0,_Z13GoldChkKernelPiS_i, 0, 0, 2, 42031093, 3.886753, 0.475177
2016_09_07_05_29_19_cudaNW_carolk402.log,0,_Z20needle_cuda_shared_1PiS_iiii, 95, 0, 2, 596003, 3.232182, 0.066652
2016_09_07_05_29_31_cudaNW_carolk402.log,1,_Z20needle_cuda_shared_2PiS_iiii, 50, 0, 2, 423165, 13.752492, 0.376995
2016_09_07_05_29_37_cudaNW_carolk402.log,0,_Z20needle_cuda_shared_2PiS_iiii, 86, 0, 2, 104691, 9.662867, 0.488035
2016_09_07_05_30_02_cudaNW_carolk402.log,0,_Z13GoldChkKernelPiS_i, 0, 0, 2, 3506525, 3.976698, 0.776098
2016_09_07_05_30_10_cudaNW_carolk402.log,0,_Z20needle_cuda_shared_1PiS_iiii, 101, 0, 2, 210153, 12.602729, 0.806792
2016_09_07_05_30_16_cudaNW_carolk402.log,1,_Z20needle_cuda_shared_1PiS_iiii, 88, 0, 2, 61930, 6.995898, 0.211267
2016_09_07_05_30_27_cudaNW_carolk402.log,0,_Z13GoldChkKernelPiS_i, 0, 0, 2, 68041289, 1.590367, 0.351744
2016_09_07_05_30_31_cudaNW_carolk402.log,0,_Z13GoldChkKernelPiS_i, 0, 0, 2, 24960791, 3.753245, 0.835977
2016_09_07_05_30_42_cudaNW_carolk402.log,0,_Z20needle_cuda_shared_1PiS_iiii, 25, 0, 2, 98927, 12.636851, 0.983278
2016_09_07_05_30_46_cudaNW_carolk402.log,0,_Z20needle_cuda_shared_1PiS_iiii, 123, 0, 2, 104756, 7.776134, 0.513821
2016_09_07_05_30_59_cudaNW_carolk402.log,0,_Z13GoldChkKernelPiS_i, 0, 0, 2, 44506566, 1.806433, 0.237508
2016_09_07_05_31_16_cudaNW_carolk402.log,0,_Z20needle_cuda_shared_2PiS_iiii, 17, 0, 2, 580147, 10.971472, 0.482040
2016_09_07_05_31_27_cudaNW_carolk402.log,0,_Z20needle_cuda_shared_2PiS_iiii, 63, 0, 2, 53130, 8.489074, 0.617961
2016_09_07_05_31_32_cudaNW_carolk402.log,0,_Z20needle_cuda_shared_2PiS_iiii, 9, 0, 2, 825670, 1.891852, 0.166856
2016_09_07_05_31_36_cudaNW_carolk402.log,0,_Z13GoldChkKernelPiS_i, 0, 0, 2, 36326207, 1.616243, 0.864036
2016_09_07_05_33_11_cudaNW_carolk402.log,0,_Z13GoldChkKernelPiS_i, 0, 0, 0, 65954208, 3.761288, 0.090256
2016_09_07_05_33_15_cudaNW_carolk402.log,0,_Z20needle_cuda_shared_1PiS_iiii, 109, 0, 0, 586442, 10.883762, 0.781142
2016_09_07_05_33_17_cudaNW_carolk402.log,0,_Z13GoldChkKernelPiS_i, 0, 0, 0, 22076130, 1.012725, 0.275274
2016_09_07_05_33_19_cudaNW_carolk402.log,0,_Z13GoldChkKernelPiS_i, 0, 0, 0, 31687163, 0.044330, 0.588253
2016_09_07_05_33_43_cudaNW_carolk402.log,1,_Z20needle_cuda_shared_2PiS_iiii, 7, 0, 0, 803482, 0.676565, 0.362388
2016_09_07_05_33_52_cudaNW_carolk402.log,0,_Z13GoldChkKernelPiS_i, 0, 0, 0, 56128163, 3.889600, 0.834602
2016_09_07_05_33_55_cudaNW_carolk402.log,1,_Z20needle_cuda_shared_2PiS_iiii, 15, 0, 0, 333583, 8.665079, 0.243063
2016_09_07_05_34_01_cudaNW_carolk402.log,1,_Z20needle_cuda_shared_2PiS_iiii, 40, 0, 0, 67562, 0.783463, 0.421140
2016_09_07_05_34_03_cudaNW_carolk402.log,1,_Z20needle_cuda_shared_2PiS_iiii, 3, 0, 0, 632237, 12.819896, 0.371815
2016_09_07_05_34_24_cudaNW_carolk402.log,0,_Z13GoldChkKernelPiS_i, 0, 0, 0, 69742160, 2.888874, 0.217907
2016_09_07_05_34_41_cudaNW_carolk402.log,0,_Z20needle_cuda_shared_1PiS_iiii, 106, 0, 0, 113071, 6.814668, 0.154769
2016_09_07_05_34_43_cudaNW_carolk402.log,0,_Z13GoldChkKernelPiS_i, 0, 0, 0, 29003620, 0.276652, 0.175448
2016_09_07_05_34_47_cudaNW_carolk402.log,0,_Z13GoldChkKernelPiS_i, 0, 0, 0, 64647319, 1.064950, 0.505484
2016_09_07_05_34_53_cudaNW_carolk402.log,0,_Z20needle_cuda_shared_1PiS_iiii, 106, 0, 0, 560490, 12.184749, 0.015692
2016_09_07_05_34_57_cudaNW_carolk402.log,0,_Z13GoldChkKernelPiS_i, 0, 0, 0, 8824136, 0.153917, 0.982917
2016_09_07_05_35_01_cudaNW_carolk402.log,1,_Z20needle_cuda_shared_2PiS_iiii, 57, 0, 0, 222937, 8.251897, 0.224938
2016_09_07_05_35_18_cudaNW_carolk402.log,0,_Z20needle_cuda_shared_1PiS_iiii, 82, 0, 0, 201565, 8.231351, 0.872977
2016_09_07_05_35_29_cudaNW_carolk402.log,0,_Z20needle_cuda_shared_2PiS_iiii, 21, 0, 0, 412740, 10.441188, 0.105906
2016_09_07_05_35_45_cudaNW_carolk402.log,0,_Z20needle_cuda_shared_1PiS_iiii, 94, 0, 0, 576469, 7.590596, 0.469685
2016_09_07_05_36_05_cudaNW_carolk402.log,0,_Z13GoldChkKernelPiS_i, 0, 0, 0, 65051635, 1.373765, 0.765035
2016_09_07_05_36_07_cudaNW_carolk402.log,0,_Z20needle_cuda_shared_2PiS_iiii, 46, 0, 0, 498008, 4.982062, 0.149911
2016_09_07_05_36_09_cudaNW_carolk402.log,0,_Z20needle_cuda_shared_2PiS_iiii, 37, 0, 0, 432941, 10.361603, 0.451480
2016_09_07_05_36_11_cudaNW_carolk402.log,1,_Z20needle_cuda_shared_2PiS_iiii, 6, 0, 0, 200357, 3.293723, 0.500950
2016_09_07_05_36_13_cudaNW_carolk402.log,0,_Z13GoldChkKernelPiS_i, 0, 0, 0, 20220705, 3.445011, 0.793132
2016_09_07_05_36_17_cudaNW_carolk402.log,0,_Z20needle_cuda_shared_2PiS_iiii, 62, 0, 0, 71245, 4.161685, 0.710972
2016_09_07_05_36_30_cudaNW_carolk402.log,1,_Z20needle_cuda_shared_2PiS_iiii, 25, 0, 0, 643662, 9.704520, 0.625913
2016_09_07_05_36_37_cudaNW_carolk402.log,0,_Z13GoldChkKernelPiS_i, 0, 0, 0, 28377921, 1.649532, 0.295595
2016_09_07_05_36_44_cudaNW_carolk402.log,1,_Z20needle_cuda_shared_1PiS_iiii, 126, 0, 0, 138068, 8.480232, 0.479390
2016_09_07_05_36_48_cudaNW_carolk402.log,0,_Z20needle_cuda_shared_1PiS_iiii, 19, 0, 0, 76218, 14.166915, 0.150357
2016_09_07_05_36_56_cudaNW_carolk402.log,1,_Z20needle_cuda_shared_1PiS_iiii, 66, 0, 0, 186106, 0.251958, 0.354313
2016_09_07_05_37_02_cudaNW_carolk402.log,1,_Z20needle_cuda_shared_2PiS_iiii, 2, 0, 0, 816065, 3.225114, 0.224196
2016_09_07_05_37_04_cudaNW_carolk402.log,1,_Z20needle_cuda_shared_2PiS_iiii, 0, 0, 0, 667830, 9.675833, 0.436160
2016_09_07_05_37_10_cudaNW_carolk402.log,1,_Z20needle_cuda_shared_2PiS_iiii, 81, 0, 0, 226720, 12.595392, 0.282500
2016_09_07_05_37_15_cudaNW_carolk402.log,0,_Z13GoldChkKernelPiS_i, 0, 0, 0, 31728573, 1.246472, 0.637374
2016_09_07_05_37_27_cudaNW_carolk402.log,0,_Z13GoldChkKernelPiS_i, 0, 0, 0, 346129, 5.491244, 0.134503
2016_09_07_05_37_29_cudaNW_carolk402.log,0,_Z20needle_cuda_shared_2PiS_iiii, 77, 0, 0, 176981, 10.028652, 0.864179
2016_09_07_05_37_39_cudaNW_carolk402.log,0,_Z13GoldChkKernelPiS_i, 0, 0, 0, 16486872, 4.395978, 0.404321
2016_09_07_05_37_44_cudaNW_carolk402.log,1,_Z20needle_cuda_shared_1PiS_iiii, 116, 0, 0, 575759, 3.093746, 0.563110
2016_09_07_05_37_46_cudaNW_carolk402.log,0,_Z13GoldChkKernelPiS_i, 0, 0, 0, 29153372, 5.904285, 0.155931
2016_09_07_05_37_57_cudaNW_carolk402.log,1,_Z20needle_cuda_shared_2PiS_iiii, 66, 0, 0, 319022, 3.368811, 0.149174
2016_09_07_05_37_59_cudaNW_carolk402.log,1,_Z20needle_cuda_shared_2PiS_iiii, 50, 0, 0, 486178, 10.689821, 0.960853
2016_09_07_05_38_01_cudaNW_carolk402.log,1,_Z20needle_cuda_shared_1PiS_iiii, 119, 0, 0, 307367, 3.884605, 0.342333
2016_09_07_05_38_03_cudaNW_carolk402.log,0,_Z20needle_cuda_shared_1PiS_iiii, 37, 0, 0, 43364, 7.063232, 0.110137
2016_09_07_05_38_13_cudaNW_carolk402.log,0,_Z13GoldChkKernelPiS_i, 0, 0, 0, 70102682, 1.081372, 0.065812
2016_09_07_05_38_45_cudaNW_carolk402.log,0,_Z13GoldChkKernelPiS_i, 0, 0, 0, 60071015, 0.893879, 0.314770
2016_09_07_05_38_47_cudaNW_carolk402.log,0,_Z20needle_cuda_shared_1PiS_iiii, 48, 0, 0, 251562, 10.784357, 0.296168
2016_09_07_05_38_53_cudaNW_carolk402.log,1,_Z20needle_cuda_shared_2PiS_iiii, 85, 0, 0, 134078, 3.764734, 0.520429
2016_09_07_05_38_57_cudaNW_carolk402.log,1,_Z20needle_cuda_shared_1PiS_iiii, 57, 0, 0, 194798, 0.931485, 0.327279
2016_09_07_05_39_09_cudaNW_carolk402.log,1,_Z20needle_cuda_shared_2PiS_iiii, 38, 0, 0, 395016, 6.206739, 0.225295
2016_09_07_05_39_11_cudaNW_carolk402.log,1,_Z20needle_cuda_shared_2PiS_iiii, 68, 0, 0, 309325, 7.227515, 0.024800
2016_09_07_05_39_15_cudaNW_carolk402.log,0,_Z20needle_cuda_shared_1PiS_iiii, 91, 0, 0, 626429, 8.788514, 0.890073
2016_09_07_05_39_19_cudaNW_carolk402.log,0,_Z20needle_cuda_shared_1PiS_iiii, 77, 0, 0, 81799, 1.383842, 0.753452
2016_09_07_05_39_23_cudaNW_carolk402.log,1,_Z20needle_cuda_shared_2PiS_iiii, 14, 0, 0, 400931, 0.205515, 0.526713
2016_09_07_05_39_45_cudaNW_carolk402.log,0,_Z20needle_cuda_shared_1PiS_iiii, 107, 0, 0, 360305, 14.462323, 0.406126
2016_09_07_05_39_48_cudaNW_carolk402.log,0,_Z13GoldChkKernelPiS_i, 0, 0, 0, 13581780, 1.306396, 0.483956
2016_09_07_05_39_50_cudaNW_carolk402.log,0,_Z20needle_cuda_shared_2PiS_iiii, 100, 0, 0, 169894, 6.061140, 0.982988
2016_09_07_05_39_52_cudaNW_carolk402.log,0,_Z20needle_cuda_shared_1PiS_iiii, 88, 0, 0, 410054, 1.508208, 0.634505
2016_09_07_05_39_54_cudaNW_carolk402.log,0,_Z13GoldChkKernelPiS_i, 0, 0, 0, 28196496, 1.546016, 0.277979
2016_09_07_05_40_06_cudaNW_carolk402.log,0,_Z20needle_cuda_shared_1PiS_iiii, 42, 0, 0, 263562, 10.606679, 0.286068
2016_09_07_05_40_10_cudaNW_carolk402.log,0,_Z20needle_cuda_shared_2PiS_iiii, 2, 0, 0, 513280, 10.808098, 0.195454
2016_09_07_05_40_12_cudaNW_carolk402.log,0,_Z20needle_cuda_shared_2PiS_iiii, 85, 0, 0, 124710, 11.387385, 0.052871
2016_09_07_05_40_14_cudaNW_carolk402.log,0,_Z20needle_cuda_shared_1PiS_iiii, 55, 0, 0, 20025, 7.317631, 0.155733
2016_09_07_05_40_24_cudaNW_carolk402.log,0,_Z20needle_cuda_shared_2PiS_iiii, 41, 0, 0, 219567, 6.386598, 0.934365
2016_09_07_05_40_26_cudaNW_carolk402.log,0,_Z20needle_cuda_shared_1PiS_iiii, 53, 0, 0, 33416, 10.090545, 0.215785
2016_09_07_05_40_29_cudaNW_carolk402.log,1,_Z20needle_cuda_shared_1PiS_iiii, 121, 0, 0, 591836, 4.542018, 0.525827
2016_09_07_05_40_32_cudaNW_carolk402.log,0,_Z13GoldChkKernelPiS_i, 0, 0, 0, 22114057, 0.509529, 0.601458
2016_09_07_05_40_34_cudaNW_carolk402.log,0,_Z13GoldChkKernelPiS_i, 0, 0, 0, 41319470, 2.567522, 0.314709
2016_09_07_05_40_36_cudaNW_carolk402.log,1,_Z20needle_cuda_shared_2PiS_iiii, 67, 0, 0, 365196, 3.150461, 0.110565
2016_09_07_05_40_40_cudaNW_carolk402.log,1,_Z20needle_cuda_shared_2PiS_iiii, 69, 0, 0, 361354, 3.734633, 0.408729
2016_09_07_05_40_48_cudaNW_carolk402.log,1,_Z20needle_cuda_shared_1PiS_iiii, 78, 0, 0, 248204, 3.320417, 0.304230
2016_09_07_05_40_52_cudaNW_carolk402.log,0,_Z20needle_cuda_shared_1PiS_iiii, 124, 0, 0, 781001, 6.462225, 0.172000
2016_09_07_05_40_56_cudaNW_carolk402.log,1,_Z20needle_cuda_shared_1PiS_iiii, 50, 0, 0, 179796, 4.820664, 0.028022
2016_09_07_05_40_59_cudaNW_carolk402.log,0,_Z20needle_cuda_shared_1PiS_iiii, 103, 0, 0, 334749, 1.282675, 0.137997
2016_09_07_05_41_23_cudaNW_carolk402.log,0,_Z20needle_cuda_shared_2PiS_iiii, 18, 0, 0, 274317, 14.527181, 0.143789
2016_09_07_05_41_28_cudaNW_carolk402.log,0,_Z20needle_cuda_shared_2PiS_iiii, 41, 0, 0, 304585, 9.346701, 0.021319
2016_09_07_05_41_35_cudaNW_carolk402.log,0,_Z13GoldChkKernelPiS_i, 0, 0, 0, 11720681, 1.352303, 0.117272
2016_09_07_05_41_53_cudaNW_carolk402.log,1,_Z20needle_cuda_shared_2PiS_iiii, 86, 0, 0, 149626, 0.439308, 0.428617
2016_09_07_05_41_59_cudaNW_carolk402.log,0,_Z13GoldChkKernelPiS_i, 0, 0, 0, 32906397, 1.484060, 0.018486
2016_09_07_05_42_01_cudaNW_carolk402.log,0,_Z13GoldChkKernelPiS_i, 0, 0, 0, 8839228, 1.214582, 0.872173
2016_09_07_05_42_03_cudaNW_carolk402.log,1,_Z20needle_cuda_shared_2PiS_iiii, 9, 0, 0, 64131, 9.723318, 0.059424
2016_09_07_05_42_18_cudaNW_carolk402.log,0,_Z20needle_cuda_shared_1PiS_iiii, 92, 0, 0, 91950, 7.275493, 0.237154
2016_09_07_05_42_22_cudaNW_carolk402.log,0,_Z13GoldChkKernelPiS_i, 0, 0, 0, 69680911, 1.054333, 0.821471
2016_09_07_05_42_24_cudaNW_carolk402.log,0,_Z20needle_cuda_shared_2PiS_iiii, 47, 0, 0, 210530, 5.152828, 0.789188
2016_09_07_05_42_34_cudaNW_carolk402.log,0,_Z13GoldChkKernelPiS_i, 0, 0, 0, 53963337, 1.541970, 0.523413
2016_09_07_05_42_54_cudaNW_carolk402.log,1,_Z20needle_cuda_shared_2PiS_iiii, 73, 0, 0, 96598, 3.814571, 0.168255
2016_09_07_05_43_15_cudaNW_carolk402.log,0,_Z13GoldChkKernelPiS_i, 0, 0, 0, 62636779, 1.714339, 0.181887
2016_09_07_05_43_22_cudaNW_carolk402.log,0,_Z13GoldChkKernelPiS_i, 0, 0, 0, 67739036, 1.011299, 0.075327
2016_09_07_05_43_26_cudaNW_carolk402.log,1,_Z20needle_cuda_shared_1PiS_iiii, 126, 0, 0, 378754, 5.363494, 0.478438
2016_09_07_05_43_34_cudaNW_carolk402.log,0,_Z20needle_cuda_shared_1PiS_iiii, 102, 0, 0, 242991, 10.228312, 0.295060
2016_09_07_05_43_37_cudaNW_carolk402.log,1,_Z20needle_cuda_shared_2PiS_iiii, 20, 0, 0, 421576, 7.058010, 0.140711
2016_09_07_05_43_41_cudaNW_carolk402.log,0,_Z13GoldChkKernelPiS_i, 0, 0, 0, 8527428, 1.079472, 0.677888
2016_09_07_05_43_49_cudaNW_carolk402.log,0,_Z13GoldChkKernelPiS_i, 0, 0, 0, 876765, 5.674730, 0.129446
2016_09_07_05_43_51_cudaNW_carolk402.log,0,_Z20needle_cuda_shared_1PiS_iiii, 59, 0, 0, 212980, 5.304780, 0.936730
2016_09_07_05_43_58_cudaNW_carolk402.log,0,_Z20needle_cuda_shared_1PiS_iiii, 91, 0, 0, 641805, 11.227046, 0.726984
2016_09_07_05_44_09_cudaNW_carolk402.log,0,_Z13GoldChkKernelPiS_i, 0, 0, 0, 25504882, 0.258791, 0.099784
2016_09_07_05_44_25_cudaNW_carolk402.log,0,_Z13GoldChkKernelPiS_i, 0, 0, 0, 29839451, 1.453415, 0.682644
2016_09_07_05_44_28_cudaNW_carolk402.log,1,_Z20needle_cuda_shared_1PiS_iiii, 69, 0, 0, 122717, 4.862930, 0.493129
2016_09_07_05_44_36_cudaNW_carolk402.log,0,_Z13GoldChkKernelPiS_i, 0, 0, 0, 29298022, 1.886593, 0.945299
2016_09_07_05_44_47_cudaNW_carolk402.log,0,_Z20needle_cuda_shared_1PiS_iiii, 105, 0, 0, 548970, 12.236094, 0.257109
2016_09_07_05_44_55_cudaNW_carolk402.log,1,_Z20needle_cuda_shared_2PiS_iiii, 14, 0, 0, 487043, 9.687075, 0.522362
2016_09_07_05_44_57_cudaNW_carolk402.log,0,_Z13GoldChkKernelPiS_i, 0, 0, 0, 8197858, 1.561686, 0.949404
2016_09_07_05_45_06_cudaNW_carolk402.log,0,_Z13GoldChkKernelPiS_i, 0, 0, 0, 7546959, 2.697923, 0.480289
2016_09_07_05_45_11_cudaNW_carolk402.log,0,_Z13GoldChkKernelPiS_i, 0, 0, 0, 68559801, 1.433510, 0.505118
2016_09_07_05_45_13_cudaNW_carolk402.log,0,_Z13GoldChkKernelPiS_i, 0, 0, 0, 39669038, 1.565304, 0.429795
2016_09_07_05_45_21_cudaNW_carolk402.log,0,_Z20needle_cuda_shared_1PiS_iiii, 51, 0, 0, 166476, 12.974990, 0.480912
2016_09_07_05_45_23_cudaNW_carolk402.log,1,_Z20needle_cuda_shared_2PiS_iiii, 58, 0, 0, 396509, 9.532949, 0.488702
2016_09_07_05_45_25_cudaNW_carolk402.log,0,_Z13GoldChkKernelPiS_i, 0, 0, 0, 56718319, 1.173474, 0.789691
2016_09_07_05_45_27_cudaNW_carolk402.log,0,_Z20needle_cuda_shared_1PiS_iiii, 111, 0, 0, 53236, 7.702578, 0.122563
2016_09_07_05_45_34_cudaNW_carolk402.log,1,_Z20needle_cuda_shared_2PiS_iiii, 34, 0, 0, 90905, 0.597119, 0.492561
2016_09_07_05_45_37_cudaNW_carolk402.log,0,_Z20needle_cuda_shared_2PiS_iiii, 56, 0, 0, 271318, 10.099979, 0.300916
2016_09_07_05_45_57_cudaNW_carolk402.log,0,_Z20needle_cuda_shared_2PiS_iiii, 2, 0, 0, 669106, 1.818830, 0.888749
2016_09_07_05_46_05_cudaNW_carolk402.log,1,_Z20needle_cuda_shared_2PiS_iiii, 40, 0, 0, 261822, 7.748037, 0.589530
2016_09_07_05_46_21_cudaNW_carolk402.log,0,_Z20needle_cuda_shared_2PiS_iiii, 126, 0, 0, 6014, 4.780326, 0.458445
2016_09_07_05_46_23_cudaNW_carolk402.log,1,_Z20needle_cuda_shared_2PiS_iiii, 71, 0, 0, 72781, 0.615567, 0.105905
2016_09_07_05_46_29_cudaNW_carolk402.log,1,_Z20needle_cuda_shared_1PiS_iiii, 61, 0, 0, 124675, 0.907955, 0.465787
2016_09_07_05_46_33_cudaNW_carolk402.log,0,_Z13GoldChkKernelPiS_i, 0, 0, 0, 21662761, 1.834173, 0.606203
2016_09_07_05_46_43_cudaNW_carolk402.log,0,_Z20needle_cuda_shared_2PiS_iiii, 18, 0, 0, 604911, 1.980561, 0.275907
2016_09_07_05_47_06_cudaNW_carolk402.log,0,_Z20needle_cuda_shared_1PiS_iiii, 127, 0, 0, 5180, 1.536470, 0.366499
2016_09_07_05_47_10_cudaNW_carolk402.log,0,_Z13GoldChkKernelPiS_i, 0, 0, 0, 42795705, 1.658935, 0.451139
2016_09_07_05_47_12_cudaNW_carolk402.log,0,_Z20needle_cuda_shared_2PiS_iiii, 53, 0, 0, 267111, 13.862039, 0.510836
2016_09_07_05_47_14_cudaNW_carolk402.log,0,_Z20needle_cuda_shared_2PiS_iiii, 48, 0, 0, 387319, 13.790100, 0.399758
2016_09_07_05_47_17_cudaNW_carolk402.log,1,_Z20needle_cuda_shared_2PiS_iiii, 55, 0, 0, 454243, 8.424198, 0.087792
2016_09_07_05_47_21_cudaNW_carolk402.log,0,_Z20needle_cuda_shared_2PiS_iiii, 3, 0, 0, 676895, 1.206513, 0.256682
2016_09_07_05_47_42_cudaNW_carolk402.log,0,_Z20needle_cuda_shared_2PiS_iiii, 20, 0, 0, 221139, 8.096695, 0.252326
2016_09_07_05_47_47_cudaNW_carolk402.log,0,_Z13GoldChkKernelPiS_i, 0, 0, 0, 3002160, 0.165734, 0.046566
2016_09_07_05_47_51_cudaNW_carolk402.log,0,_Z13GoldChkKernelPiS_i, 0, 0, 0, 3829918, 2.297555, 0.058685
2016_09_07_05_47_55_cudaNW_carolk402.log,0,_Z20needle_cuda_shared_1PiS_iiii, 93, 0, 0, 557310, 7.435910, 0.656662
2016_09_07_05_47_59_cudaNW_carolk402.log,1,_Z20needle_cuda_shared_1PiS_iiii, 41, 0, 0, 43355, 6.191441, 0.068317
2016_09_07_05_48_07_cudaNW_carolk402.log,0,_Z20needle_cuda_shared_1PiS_iiii, 111, 0, 0, 642990, 10.586943, 0.925600
2016_09_07_05_48_14_cudaNW_carolk402.log,1,_Z20needle_cuda_shared_1PiS_iiii, 90, 0, 0, 132402, 0.984880, 0.064979
2016_09_07_05_48_23_cudaNW_carolk402.log,0,_Z13GoldChkKernelPiS_i, 0, 0, 0, 23613724, 3.879687, 0.054974
2016_09_07_05_48_46_cudaNW_carolk402.log,1,_Z20needle_cuda_shared_1PiS_iiii, 47, 0, 0, 60597, 4.663318, 0.682981
2016_09_07_05_48_50_cudaNW_carolk402.log,0,_Z20needle_cuda_shared_2PiS_iiii, 25, 0, 0, 69405, 7.607489, 0.423193
2016_09_07_05_48_58_cudaNW_carolk402.log,0,_Z20needle_cuda_shared_2PiS_iiii, 36, 0, 0, 134560, 7.931975, 0.436473
2016_09_07_05_49_22_cudaNW_carolk402.log,0,_Z20needle_cuda_shared_2PiS_iiii, 91, 0, 0, 21359, 7.236735, 0.262718
2016_09_07_05_49_28_cudaNW_carolk402.log,0,_Z13GoldChkKernelPiS_i, 0, 0, 0, 44592164, 1.694624, 0.273983
2016_09_07_05_49_33_cudaNW_carolk402.log,1,_Z20needle_cuda_shared_2PiS_iiii, 67, 0, 0, 370682, 11.492560, 0.094116
2016_09_07_05_49_42_cudaNW_carolk402.log,0,_Z13GoldChkKernelPiS_i, 0, 0, 2, 66280918, 1.972895, 0.845368
2016_09_07_05_49_54_cudaNW_carolk402.log,0,_Z13GoldChkKernelPiS_i, 0, 0, 2, 641435, 1.499841, 0.150815
2016_09_07_05_49_58_cudaNW_carolk402.log,0,_Z20needle_cuda_shared_1PiS_iiii, 125, 0, 2, 288594, 1.471916, 0.999375
2016_09_07_05_50_08_cudaNW_carolk402.log,0,_Z20needle_cuda_shared_2PiS_iiii, 64, 0, 2, 228027, 14.412365, 0.887221
2016_09_07_05_50_25_cudaNW_carolk402.log,0,_Z20needle_cuda_shared_2PiS_iiii, 59, 0, 2, 218017, 13.109679, 0.784452
2016_09_07_05_50_27_cudaNW_carolk402.log,0,_Z13GoldChkKernelPiS_i, 0, 0, 2, 27482266, 1.858496, 0.232305
2016_09_07_05_50_42_cudaNW_carolk402.log,0,_Z20needle_cuda_shared_2PiS_iiii, 15, 0, 2, 666199, 5.908569, 0.196474
2016_09_07_05_50_46_cudaNW_carolk402.log,0,_Z20needle_cuda_shared_2PiS_iiii, 48, 0, 2, 440051, 4.299501, 0.280558
2016_09_07_05_50_48_cudaNW_carolk402.log,1,_Z20needle_cuda_shared_2PiS_iiii, 52, 0, 2, 334140, 11.772558, 0.528366
2016_09_07_05_50_52_cudaNW_carolk402.log,0,_Z13GoldChkKernelPiS_i, 0, 0, 2, 34164982, 2.538274, 0.998519
2016_09_07_05_50_58_cudaNW_carolk402.log,0,_Z13GoldChkKernelPiS_i, 0, 0, 2, 38940883, 1.670240, 0.057269
2016_09_07_05_51_06_cudaNW_carolk402.log,0,_Z20needle_cuda_shared_1PiS_iiii, 88, 0, 2, 333658, 1.308938, 0.149765
2016_09_07_05_51_08_cudaNW_carolk402.log,0,_Z20needle_cuda_shared_2PiS_iiii, 48, 0, 2, 505676, 5.294771, 0.386206
2016_09_07_05_51_10_cudaNW_carolk402.log,0,_Z13GoldChkKernelPiS_i, 0, 0, 2, 13430882, 3.752596, 0.149361
2016_09_07_05_51_15_cudaNW_carolk402.log,0,_Z20needle_cuda_shared_2PiS_iiii, 8, 0, 2, 398413, 1.095187, 0.537783
2016_09_07_05_51_33_cudaNW_carolk402.log,0,_Z20needle_cuda_shared_1PiS_iiii, 113, 0, 2, 745716, 1.242259, 0.006720
2016_09_07_05_51_42_cudaNW_carolk402.log,0,_Z20needle_cuda_shared_2PiS_iiii, 53, 0, 2, 234536, 6.748987, 0.708725
2016_09_07_05_51_46_cudaNW_carolk402.log,0,_Z13GoldChkKernelPiS_i, 0, 0, 2, 70848367, 1.967783, 0.464039
2016_09_07_05_51_47_cudaNW_carolk402.log,0,_Z20needle_cuda_shared_1PiS_iiii, 117, 0, 2, 252395, 8.282433, 0.333693
2016_09_07_05_51_51_cudaNW_carolk402.log,0,_Z20needle_cuda_shared_1PiS_iiii, 74, 0, 2, 291649, 11.142638, 0.912991
2016_09_07_05_52_02_cudaNW_carolk402.log,0,_Z20needle_cuda_shared_2PiS_iiii, 30, 0, 2, 260502, 1.201038, 0.013212
2016_09_07_05_52_08_cudaNW_carolk402.log,0,_Z13GoldChkKernelPiS_i, 0, 0, 2, 8533711, 1.721933, 0.990612
2016_09_07_05_52_11_cudaNW_carolk402.log,1,_Z20needle_cuda_shared_1PiS_iiii, 115, 0, 2, 554746, 13.725898, 0.143035
2016_09_07_05_52_18_cudaNW_carolk402.log,0,_Z13GoldChkKernelPiS_i, 0, 0, 2, 28275111, 1.193738, 0.870147
2016_09_07_05_52_41_cudaNW_carolk402.log,0,_Z13GoldChkKernelPiS_i, 0, 0, 2, 65733870, 1.043373, 0.525079
2016_09_07_05_52_48_cudaNW_carolk402.log,0,_Z20needle_cuda_shared_1PiS_iiii, 50, 0, 2, 270424, 7.238784, 0.770769
2016_09_07_05_53_03_cudaNW_carolk402.log,0,_Z13GoldChkKernelPiS_i, 0, 0, 2, 17804981, 1.002202, 0.736184
2016_09_07_05_53_51_cudaNW_carolk402.log,0,_Z20needle_cuda_shared_2PiS_iiii, 1, 0, 2, 498903, 14.280879, 0.437621
2016_09_07_05_54_19_cudaNW_carolk402.log,0,_Z20needle_cuda_shared_2PiS_iiii, 39, 0, 2, 96082, 3.768362, 0.035462
2016_09_07_05_54_25_cudaNW_carolk402.log,0,_Z20needle_cuda_shared_1PiS_iiii, 54, 0, 2, 50919, 9.716651, 0.573359
2016_09_07_05_54_33_cudaNW_carolk402.log,0,_Z13GoldChkKernelPiS_i, 0, 0, 2, 13783221, 1.078502, 0.395030
2016_09_07_05_54_39_cudaNW_carolk402.log,1,_Z20needle_cuda_shared_1PiS_iiii, 95, 0, 2, 63711, 6.421673, 0.264496
2016_09_07_05_54_57_cudaNW_carolk402.log,0,_Z13GoldChkKernelPiS_i, 0, 0, 2, 27074533, 1.668551, 0.721655
2016_09_07_05_55_14_cudaNW_carolk402.log,0,_Z13GoldChkKernelPiS_i, 0, 0, 2, 47286379, 1.951773, 0.714708
2016_09_07_05_55_18_cudaNW_carolk402.log,1,_Z20needle_cuda_shared_2PiS_iiii, 92, 0, 2, 208353, 5.419660, 0.452211
2016_09_07_05_55_20_cudaNW_carolk402.log,0,_Z13GoldChkKernelPiS_i, 0, 0, 2, 26243711, 1.349249, 0.299246
2016_09_07_05_55_27_cudaNW_carolk402.log,0,_Z20needle_cuda_shared_1PiS_iiii, 119, 0, 2, 780615, 7.669834, 0.585541
2016_09_07_05_55_29_cudaNW_carolk402.log,0,_Z13GoldChkKernelPiS_i, 0, 0, 2, 29145780, 1.196957, 0.644662
2016_09_07_05_55_35_cudaNW_carolk402.log,0,_Z20needle_cuda_shared_1PiS_iiii, 93, 0, 2, 18695, 4.031606, 0.737253
2016_09_07_05_56_00_cudaNW_carolk402.log,0,_Z13GoldChkKernelPiS_i, 0, 0, 2, 56148832, 1.106516, 0.880550
2016_09_07_05_56_02_cudaNW_carolk402.log,0,_Z13GoldChkKernelPiS_i, 0, 0, 2, 39920950, 1.610827, 0.329611
2016_09_07_05_56_21_cudaNW_carolk402.log,0,_Z20needle_cuda_shared_1PiS_iiii, 121, 0, 2, 736007, 1.754552, 0.529773
2016_09_07_05_56_33_cudaNW_carolk402.log,0,_Z20needle_cuda_shared_1PiS_iiii, 103, 0, 2, 310064, 7.446456, 0.347530
2016_09_07_05_56_52_cudaNW_carolk402.log,0,_Z20needle_cuda_shared_1PiS_iiii, 79, 0, 2, 58739, 6.519051, 0.809056
2016_09_07_05_56_54_cudaNW_carolk402.log,0,_Z20needle_cuda_shared_1PiS_iiii, 116, 0, 2, 235828, 10.707397, 0.690808
2016_09_07_05_56_56_cudaNW_carolk402.log,0,_Z13GoldChkKernelPiS_i, 0, 0, 2, 60374817, 1.421386, 0.565652
2016_09_07_05_57_06_cudaNW_carolk402.log,0,_Z13GoldChkKernelPiS_i, 0, 0, 2, 13784245, 1.649327, 0.318059
2016_09_07_05_57_14_cudaNW_carolk402.log,0,_Z20needle_cuda_shared_1PiS_iiii, 81, 0, 2, 296671, 5.428253, 0.878564
2016_09_07_05_57_19_cudaNW_carolk402.log,0,_Z20needle_cuda_shared_1PiS_iiii, 39, 0, 2, 254991, 6.213357, 0.876721
2016_09_07_05_57_32_cudaNW_carolk402.log,0,_Z20needle_cuda_shared_1PiS_iiii, 127, 0, 2, 323006, 9.246758, 0.898734
2016_09_07_05_57_34_cudaNW_carolk402.log,0,_Z20needle_cuda_shared_1PiS_iiii, 101, 0, 2, 217360, 7.892610, 0.378078
2016_09_07_05_58_03_cudaNW_carolk402.log,0,_Z20needle_cuda_shared_1PiS_iiii, 110, 0, 2, 114082, 1.341452, 0.069805
2016_09_07_05_58_07_cudaNW_carolk402.log,0,_Z13GoldChkKernelPiS_i, 0, 0, 2, 21976142, 1.124384, 0.958018
2016_09_07_05_58_09_cudaNW_carolk402.log,0,_Z20needle_cuda_shared_2PiS_iiii, 28, 0, 2, 549246, 9.416024, 0.010621
2016_09_07_05_58_22_cudaNW_carolk402.log,0,_Z13GoldChkKernelPiS_i, 0, 0, 2, 43308683, 0.498686, 0.067245
2016_09_07_05_58_44_cudaNW_carolk402.log,0,_Z20needle_cuda_shared_2PiS_iiii, 3, 0, 2, 597418, 1.137312, 0.117327
2016_09_07_05_58_48_cudaNW_carolk402.log,0,_Z20needle_cuda_shared_2PiS_iiii, 33, 0, 2, 664988, 9.545600, 0.888481
2016_09_07_05_59_08_cudaNW_carolk402.log,0,_Z20needle_cuda_shared_2PiS_iiii, 33, 0, 2, 488548, 13.707770, 0.788765
2016_09_07_05_59_09_cudaNW_carolk402.log,0,_Z20needle_cuda_shared_2PiS_iiii, 19, 0, 2, 125012, 6.745539, 0.602592
2016_09_07_05_59_15_cudaNW_carolk402.log,0,_Z13GoldChkKernelPiS_i, 0, 0, 2, 43415765, 1.436651, 0.870438
2016_09_07_05_59_22_cudaNW_carolk402.log,0,_Z13GoldChkKernelPiS_i, 0, 0, 2, 22409134, 3.823101, 0.976586
2016_09_07_05_59_50_cudaNW_carolk402.log,0,_Z13GoldChkKernelPiS_i, 0, 0, 2, 32217288, 1.718505, 0.514367
2016_09_07_05_59_54_cudaNW_carolk402.log,0,_Z13GoldChkKernelPiS_i, 0, 0, 2, 6746539, 0.357327, 0.006057
2016_09_07_06_00_06_cudaNW_carolk402.log,0,_Z20needle_cuda_shared_2PiS_iiii, 83, 0, 2, 29786, 4.506308, 0.037583
2016_09_07_06_00_15_cudaNW_carolk402.log,0,_Z20needle_cuda_shared_1PiS_iiii, 88, 0, 2, 485660, 1.636550, 0.335229
2016_09_07_06_00_19_cudaNW_carolk402.log,0,_Z20needle_cuda_shared_2PiS_iiii, 21, 0, 2, 657166, 1.238500, 0.159817
2016_09_07_06_00_21_cudaNW_carolk402.log,1,_Z20needle_cuda_shared_1PiS_iiii, 123, 0, 2, 745762, 8.667126, 0.456999
2016_09_07_06_00_37_cudaNW_carolk402.log,0,_Z20needle_cuda_shared_1PiS_iiii, 31, 0, 2, 66326, 12.340523, 0.412739
2016_09_07_06_00_43_cudaNW_carolk402.log,0,_Z13GoldChkKernelPiS_i, 0, 0, 2, 56079556, 1.696281, 0.997490
2016_09_07_06_00_55_cudaNW_carolk402.log,0,_Z13GoldChkKernelPiS_i, 0, 0, 2, 57562190, 3.223041, 0.898664
2016_09_07_06_00_58_cudaNW_carolk402.log,0,_Z20needle_cuda_shared_1PiS_iiii, 111, 0, 2, 88208, 7.388003, 0.225785
2016_09_07_06_01_09_cudaNW_carolk402.log,0,_Z13GoldChkKernelPiS_i, 0, 0, 2, 11710087, 1.372355, 0.398633
2016_09_07_06_01_27_cudaNW_carolk402.log,0,_Z20needle_cuda_shared_1PiS_iiii, 112, 0, 2, 801704, 3.358950, 0.616994
2016_09_07_06_01_31_cudaNW_carolk402.log,0,_Z20needle_cuda_shared_1PiS_iiii, 100, 0, 2, 717894, 7.310305, 0.193479
2016_09_07_06_01_37_cudaNW_carolk402.log,0,_Z20needle_cuda_shared_2PiS_iiii, 35, 0, 2, 223270, 14.854223, 0.597491
2016_09_07_06_01_44_cudaNW_carolk402.log,0,_Z20needle_cuda_shared_1PiS_iiii, 96, 0, 2, 92821, 9.689758, 0.939861
2016_09_07_06_01_51_cudaNW_carolk402.log,0,_Z13GoldChkKernelPiS_i, 0, 0, 2, 27356076, 1.844766, 0.179963
2016_09_07_06_02_36_cudaNW_carolk402.log,0,_Z13GoldChkKernelPiS_i, 0, 0, 2, 49617447, 1.220936, 0.820381
2016_09_07_06_02_38_cudaNW_carolk402.log,0,_Z13GoldChkKernelPiS_i, 0, 0, 2, 37705526, 1.377667, 0.417637
2016_09_07_06_02_39_cudaNW_carolk402.log,0,_Z13GoldChkKernelPiS_i, 0, 0, 2, 29148017, 3.088787, 0.122188
2016_09_07_06_02_43_cudaNW_carolk402.log,0,_Z20needle_cuda_shared_1PiS_iiii, 58, 0, 2, 269108, 10.926513, 0.178307
2016_09_07_06_02_47_cudaNW_carolk402.log,0,_Z20needle_cuda_shared_2PiS_iiii, 6, 0, 2, 65032, 3.372950, 0.469035
2016_09_07_06_02_55_cudaNW_carolk402.log,0,_Z20needle_cuda_shared_1PiS_iiii, 70, 0, 2, 157606, 14.088771, 0.637537
2016_09_07_06_02_56_cudaNW_carolk402.log,1,_Z20needle_cuda_shared_2PiS_iiii, 27, 0, 2, 36673, 7.849344, 0.051584
2016_09_07_06_03_05_cudaNW_carolk402.log,0,_Z13GoldChkKernelPiS_i, 0, 0, 2, 30612537, 1.922045, 0.960887
2016_09_07_06_03_48_cudaNW_carolk402.log,0,_Z13GoldChkKernelPiS_i, 0, 0, 2, 45476656, 1.087145, 0.109547
2016_09_07_06_03_58_cudaNW_carolk402.log,1,_Z20needle_cuda_shared_2PiS_iiii, 48, 0, 2, 56806, 6.997142, 0.412250
2016_09_07_06_04_10_cudaNW_carolk402.log,0,_Z13GoldChkKernelPiS_i, 0, 0, 2, 30358999, 1.167959, 0.599247
2016_09_07_06_04_24_cudaNW_carolk402.log,0,_Z20needle_cuda_shared_1PiS_iiii, 71, 0, 2, 335439, 1.513426, 0.040888
2016_09_07_06_04_28_cudaNW_carolk402.log,0,_Z20needle_cuda_shared_2PiS_iiii, 98, 0, 2, 205208, 4.930817, 0.338929
2016_09_07_06_04_46_cudaNW_carolk402.log,0,_Z20needle_cuda_shared_1PiS_iiii, 71, 0, 2, 31366, 7.488466, 0.006874
2016_09_07_06_05_11_cudaNW_carolk402.log,0,_Z20needle_cuda_shared_2PiS_iiii, 11, 0, 2, 716142, 5.139615, 0.922127
2016_09_07_06_05_13_cudaNW_carolk402.log,0,_Z13GoldChkKernelPiS_i, 0, 0, 2, 42390230, 1.692872, 0.877340
2016_09_07_06_05_24_cudaNW_carolk402.log,1,_Z20needle_cuda_shared_2PiS_iiii, 31, 0, 2, 462321, 13.833765, 0.349999
2016_09_07_06_05_37_cudaNW_carolk402.log,0,_Z20needle_cuda_shared_1PiS_iiii, 79, 0, 2, 447281, 1.878924, 0.562922
2016_09_07_06_05_45_cudaNW_carolk402.log,0,_Z20needle_cuda_shared_1PiS_iiii, 58, 0, 2, 182782, 8.695876, 0.120237
2016_09_07_06_06_25_cudaNW_carolk402.log,0,_Z13GoldChkKernelPiS_i, 0, 0, 2, 16384086, 1.426537, 0.147952
