2016_09_05_01_59_52_cudaLud_carolk402.log,0,_Z12lud_internalPdii, 52, 0, 0, 41457022, 10.954198, 0.329867
2016_09_05_02_00_10_cudaLud_carolk402.log,0,_Z12lud_internalPdii, 2, 0, 2, 354382184, 11.755958, 0.456496
2016_09_05_15_57_06_cudaLud_carolk402.log,0,_Z12lud_internalPdii, 56, 0, 0, 55514126, 20.244688, 0.222755
2016_09_05_15_57_44_cudaLud_carolk402.log,0,_Z12lud_internalPdii, 21, 0, 0, 234726461, 15.936896, 0.854786
2016_09_05_15_58_23_cudaLud_carolk402.log,0,_Z12lud_internalPdii, 49, 0, 0, 32915730, 12.571903, 0.640064
2016_09_05_15_58_41_cudaLud_carolk402.log,0,_Z12lud_internalPdii, 26, 0, 0, 45480528, 4.916880, 0.690250
2016_09_05_15_59_07_cudaLud_carolk402.log,0,_Z12lud_internalPdii, 56, 0, 0, 92012105, 16.330080, 0.461897
2016_09_05_16_00_16_cudaLud_carolk402.log,0,_Z12lud_internalPdii, 1, 0, 0, 132418972, 1.782696, 0.131267
2016_09_05_16_01_26_cudaLud_carolk402.log,0,_Z12lud_internalPdii, 13, 0, 0, 229367763, 1.054627, 0.057837
2016_09_05_16_02_15_cudaLud_carolk402.log,0,_Z12lud_internalPdii, 27, 0, 0, 155762063, 17.968887, 0.243025
2016_09_05_16_02_44_cudaLud_carolk402.log,0,_Z12lud_internalPdii, 6, 0, 0, 170005161, 1.115819, 0.835310
2016_09_05_16_03_18_cudaLud_carolk402.log,0,_Z12lud_internalPdii, 38, 0, 0, 154772103, 7.352562, 0.125515
2016_09_05_16_04_31_cudaLud_carolk402.log,0,_Z12lud_internalPdii, 2, 0, 0, 146571064, 1.754255, 0.695911
2016_09_05_16_05_19_cudaLud_carolk402.log,0,_Z12lud_internalPdii, 6, 0, 0, 333359494, 1.449081, 0.341366
2016_09_05_16_05_38_cudaLud_carolk402.log,0,_Z12lud_internalPdii, 59, 0, 0, 91705005, 10.661448, 0.622895
2016_09_05_16_06_00_cudaLud_carolk402.log,0,_Z12lud_internalPdii, 54, 0, 0, 9743451, 6.710110, 0.572507
2016_09_05_16_06_44_cudaLud_carolk402.log,0,_Z12lud_internalPdii, 90, 0, 0, 3874537, 4.113449, 0.018056
2016_09_05_16_07_14_cudaLud_carolk402.log,0,_Z12lud_internalPdii, 28, 0, 0, 216297027, 20.090263, 0.933929
2016_09_05_16_07_31_cudaLud_carolk402.log,0,_Z12lud_internalPdii, 21, 0, 0, 88346780, 1.495599, 0.402995
2016_09_05_16_08_11_cudaLud_carolk402.log,0,_Z12lud_internalPdii, 47, 0, 0, 128136973, 17.776667, 0.043617
2016_09_05_16_08_29_cudaLud_carolk402.log,0,_Z12lud_internalPdii, 20, 0, 0, 226133821, 5.799970, 0.302508
2016_09_05_16_10_04_cudaLud_carolk402.log,0,_Z12lud_internalPdii, 1, 0, 0, 54273152, 9.418683, 0.260812
2016_09_05_16_10_25_cudaLud_carolk402.log,0,_Z12lud_internalPdii, 52, 0, 0, 93150316, 16.084488, 0.066853
2016_09_05_16_10_53_cudaLud_carolk402.log,0,_Z12lud_internalPdii, 52, 0, 0, 66096177, 11.965396, 0.402464
2016_09_05_16_11_41_cudaLud_carolk402.log,0,_Z12lud_internalPdii, 41, 0, 0, 66642550, 3.326262, 0.113654
2016_09_05_16_11_59_cudaLud_carolk402.log,0,_Z12lud_internalPdii, 16, 0, 0, 152316514, 6.061568, 0.064481
2016_09_05_16_12_41_cudaLud_carolk402.log,0,_Z12lud_internalPdii, 25, 0, 0, 109171744, 20.885258, 0.264963
2016_09_05_16_13_17_cudaLud_carolk402.log,0,_Z12lud_internalPdii, 55, 0, 0, 70308486, 7.983682, 0.814155
2016_09_05_16_13_35_cudaLud_carolk402.log,0,_Z12lud_internalPdii, 9, 0, 0, 240377367, 16.459589, 0.417509
2016_09_05_16_15_06_cudaLud_carolk402.log,0,_Z12lud_internalPdii, 48, 0, 0, 17928316, 0.408171, 0.592042
2016_09_05_16_16_22_cudaLud_carolk402.log,0,_Z12lud_internalPdii, 9, 0, 0, 159855558, 0.067934, 0.519765
2016_09_05_16_17_03_cudaLud_carolk402.log,0,_Z12lud_internalPdii, 1, 0, 0, 176888051, 3.170184, 0.067448
2016_09_05_16_17_21_cudaLud_carolk402.log,0,_Z12lud_internalPdii, 47, 0, 0, 15481656, 0.510239, 0.612701
2016_09_05_16_18_38_cudaLud_carolk402.log,0,_Z12lud_internalPdii, 86, 0, 0, 9035889, 1.468735, 0.368915
2016_09_05_16_18_55_cudaLud_carolk402.log,0,_Z12lud_internalPdii, 54, 0, 0, 36925549, 3.912605, 0.869660
2016_09_05_16_19_45_cudaLud_carolk402.log,0,_Z12lud_internalPdii, 41, 0, 0, 87681832, 17.986362, 0.178455
2016_09_05_16_20_43_cudaLud_carolk402.log,0,_Z12lud_internalPdii, 25, 0, 0, 33123866, 1.694748, 0.511453
2016_09_05_16_21_01_cudaLud_carolk402.log,0,_Z12lud_internalPdii, 33, 0, 0, 106984873, 9.132719, 0.446979
2016_09_05_16_22_09_cudaLud_carolk402.log,0,_Z12lud_internalPdii, 6, 0, 0, 230998207, 1.703067, 0.101821
2016_09_05_16_22_44_cudaLud_carolk402.log,0,_Z12lud_internalPdii, 60, 0, 0, 1793580, 13.155943, 0.568863
2016_09_05_16_23_02_cudaLud_carolk402.log,0,_Z12lud_internalPdii, 8, 0, 0, 27837227, 16.128109, 0.744863
2016_09_05_16_23_47_cudaLud_carolk402.log,0,_Z12lud_internalPdii, 61, 0, 0, 74479296, 20.083424, 0.322493
2016_09_05_16_24_10_cudaLud_carolk402.log,0,_Z12lud_internalPdii, 93, 0, 0, 64996, 0.505270, 0.467849
2016_09_05_16_25_40_cudaLud_carolk402.log,0,_Z12lud_internalPdii, 72, 0, 0, 68560200, 16.936129, 0.074710
2016_09_05_16_27_37_cudaLud_carolk402.log,0,_Z12lud_internalPdii, 36, 0, 0, 85279456, 17.602669, 0.435587
2016_09_05_16_28_17_cudaLud_carolk402.log,0,_Z12lud_internalPdii, 16, 0, 0, 29392964, 19.320341, 0.837516
2016_09_05_16_29_48_cudaLud_carolk402.log,0,_Z12lud_internalPdii, 58, 0, 0, 13136144, 2.170426, 0.649458
2016_09_05_16_30_06_cudaLud_carolk402.log,0,_Z12lud_internalPdii, 9, 0, 0, 181625985, 8.786269, 0.257800
2016_09_05_16_32_03_cudaLud_carolk402.log,0,_Z12lud_internalPdii, 29, 0, 0, 54411291, 7.029596, 0.396125
2016_09_05_16_32_56_cudaLud_carolk402.log,0,_Z12lud_internalPdii, 48, 0, 0, 133117453, 16.379343, 0.112320
2016_09_05_16_34_03_cudaLud_carolk402.log,0,_Z12lud_internalPdii, 42, 0, 0, 14166559, 11.526714, 0.102551
2016_09_05_16_34_47_cudaLud_carolk402.log,0,_Z12lud_internalPdii, 32, 0, 0, 202632650, 20.416811, 0.014816
2016_09_05_16_35_18_cudaLud_carolk402.log,0,_Z12lud_internalPdii, 16, 0, 0, 135030733, 15.510990, 0.896327
2016_09_05_16_36_20_cudaLud_carolk402.log,0,_Z12lud_internalPdii, 8, 0, 0, 309412376, 14.130635, 0.777415
2016_09_05_16_37_10_cudaLud_carolk402.log,0,_Z12lud_internalPdii, 21, 0, 0, 40240218, 20.047356, 0.141189
2016_09_05_16_37_28_cudaLud_carolk402.log,0,_Z12lud_internalPdii, 29, 0, 0, 65547091, 1.420692, 0.275088
2016_09_05_16_37_46_cudaLud_carolk402.log,0,_Z12lud_internalPdii, 74, 0, 0, 56585629, 1.919047, 0.966066
2016_09_05_16_38_22_cudaLud_carolk402.log,0,_Z12lud_internalPdii, 35, 0, 0, 111533840, 6.557080, 0.565170
2016_09_05_16_39_02_cudaLud_carolk402.log,0,_Z12lud_internalPdii, 68, 0, 0, 56498125, 16.954317, 0.346423
2016_09_05_16_39_38_cudaLud_carolk402.log,0,_Z12lud_internalPdii, 3, 0, 0, 260572188, 20.230331, 0.135705
2016_09_05_16_40_19_cudaLud_carolk402.log,0,_Z12lud_internalPdii, 5, 0, 0, 73755002, 5.114358, 0.145866
2016_09_05_16_40_36_cudaLud_carolk402.log,0,_Z12lud_internalPdii, 22, 0, 0, 33159541, 1.392820, 0.956214
2016_09_05_16_41_09_cudaLud_carolk402.log,0,_Z12lud_internalPdii, 32, 0, 0, 32368831, 14.033230, 0.322776
2016_09_05_16_42_03_cudaLud_carolk402.log,0,_Z12lud_internalPdii, 46, 0, 0, 18646891, 2.605300, 0.977706
2016_09_05_16_42_47_cudaLud_carolk402.log,0,_Z12lud_internalPdii, 51, 0, 0, 82031995, 7.830418, 0.979851
2016_09_05_16_43_05_cudaLud_carolk402.log,0,_Z12lud_internalPdii, 33, 0, 0, 48608700, 1.678241, 0.532137
2016_09_05_16_43_52_cudaLud_carolk402.log,0,_Z12lud_internalPdii, 25, 0, 0, 81950551, 13.592913, 0.990777
2016_09_05_16_44_25_cudaLud_carolk402.log,0,_Z12lud_internalPdii, 10, 0, 0, 94005992, 1.851520, 0.789904
2016_09_05_16_45_14_cudaLud_carolk402.log,0,_Z12lud_internalPdii, 15, 0, 0, 24425393, 10.695539, 0.707192
2016_09_05_16_45_46_cudaLud_carolk402.log,0,_Z12lud_internalPdii, 4, 0, 0, 178355800, 17.943657, 0.511328
2016_09_05_16_47_58_cudaLud_carolk402.log,0,_Z12lud_internalPdii, 38, 0, 0, 166134449, 3.881867, 0.168434
2016_09_05_16_48_26_cudaLud_carolk402.log,0,_Z12lud_internalPdii, 100, 0, 0, 10965834, 1.056009, 0.305710
2016_09_05_16_49_10_cudaLud_carolk402.log,0,_Z12lud_internalPdii, 14, 0, 0, 74428387, 11.646594, 0.513849
2016_09_05_16_50_12_cudaLud_carolk402.log,0,_Z12lud_internalPdii, 4, 0, 0, 18811613, 4.260790, 0.557828
2016_09_05_16_50_37_cudaLud_carolk402.log,0,_Z12lud_internalPdii, 10, 0, 0, 200668451, 1.807724, 0.508050
2016_09_05_16_50_54_cudaLud_carolk402.log,0,_Z12lud_internalPdii, 39, 0, 0, 129422437, 2.091254, 0.925048
2016_09_05_16_51_40_cudaLud_carolk402.log,0,_Z12lud_internalPdii, 109, 0, 0, 1700857, 1.730313, 0.054826
2016_09_05_16_52_14_cudaLud_carolk402.log,0,_Z12lud_internalPdii, 32, 0, 0, 178085364, 5.492182, 0.667973
2016_09_05_16_52_42_cudaLud_carolk402.log,0,_Z12lud_internalPdii, 16, 0, 0, 21732709, 15.188816, 0.165664
2016_09_05_16_53_50_cudaLud_carolk402.log,0,_Z12lud_internalPdii, 17, 0, 0, 204090756, 9.815025, 0.607755
2016_09_05_16_54_40_cudaLud_carolk402.log,0,_Z12lud_internalPdii, 3, 0, 0, 330784528, 6.544508, 0.322597
2016_09_05_16_54_58_cudaLud_carolk402.log,0,_Z12lud_internalPdii, 0, 0, 0, 104979097, 20.254961, 0.785288
2016_09_05_16_55_16_cudaLud_carolk402.log,0,_Z12lud_internalPdii, 18, 0, 0, 189410633, 1.847007, 0.626444
2016_09_05_16_55_34_cudaLud_carolk402.log,0,_Z12lud_internalPdii, 40, 0, 0, 87284016, 11.271297, 0.017786
2016_09_05_16_55_52_cudaLud_carolk402.log,0,_Z12lud_internalPdii, 19, 0, 0, 263640929, 11.332938, 0.992376
2016_09_05_16_56_09_cudaLud_carolk402.log,0,_Z12lud_internalPdii, 47, 0, 0, 13926479, 17.445730, 0.070105
2016_09_05_16_56_48_cudaLud_carolk402.log,0,_Z12lud_internalPdii, 17, 0, 0, 77443506, 4.582059, 0.481991
2016_09_05_16_57_45_cudaLud_carolk402.log,0,_Z12lud_internalPdii, 13, 0, 0, 120285637, 9.910107, 0.110055
2016_09_05_16_58_19_cudaLud_carolk402.log,0,_Z12lud_internalPdii, 84, 0, 0, 11205042, 2.527324, 0.975494
2016_09_05_16_58_37_cudaLud_carolk402.log,0,_Z13lud_perimeterPdii, 95, 0, 0, 567981, 23.165195, 0.126970
2016_09_05_16_59_56_cudaLud_carolk402.log,0,_Z12lud_internalPdii, 3, 0, 0, 145792666, 3.292677, 0.381444
2016_09_05_17_00_54_cudaLud_carolk402.log,0,_Z12lud_internalPdii, 34, 0, 0, 48581477, 10.797249, 0.987267
2016_09_05_17_01_30_cudaLud_carolk402.log,0,_Z12lud_internalPdii, 22, 0, 0, 120875646, 1.012486, 0.124733
2016_09_05_17_01_48_cudaLud_carolk402.log,0,_Z12lud_internalPdii, 39, 0, 0, 97669381, 5.664304, 0.637821
2016_09_05_17_02_37_cudaLud_carolk402.log,0,_Z12lud_internalPdii, 35, 0, 0, 75701360, 14.788161, 0.109167
2016_09_05_17_02_55_cudaLud_carolk402.log,0,_Z12lud_internalPdii, 30, 0, 0, 193681536, 8.230002, 0.000040
2016_09_05_17_03_36_cudaLud_carolk402.log,0,_Z12lud_internalPdii, 120, 0, 0, 600347, 6.956645, 0.698612
2016_09_05_17_04_07_cudaLud_carolk402.log,0,_Z12lud_internalPdii, 80, 0, 0, 29113525, 16.265268, 0.676930
2016_09_05_17_04_24_cudaLud_carolk402.log,0,_Z12lud_internalPdii, 47, 0, 0, 125015917, 16.341850, 0.592634
2016_09_05_17_05_35_cudaLud_carolk402.log,0,_Z12lud_internalPdii, 34, 0, 0, 138122487, 17.326794, 0.571999
2016_09_05_17_05_53_cudaLud_carolk402.log,0,_Z12lud_internalPdii, 29, 0, 0, 111066081, 15.688072, 0.937040
2016_09_05_17_06_10_cudaLud_carolk402.log,0,_Z12lud_internalPdii, 1, 0, 0, 714139, 14.839641, 0.315736
2016_09_05_17_06_50_cudaLud_carolk402.log,0,_Z12lud_internalPdii, 10, 0, 0, 165387093, 20.598860, 0.911660
2016_09_05_17_07_27_cudaLud_carolk402.log,0,_Z12lud_internalPdii, 9, 0, 0, 267952915, 5.734317, 0.600993
2016_09_05_17_07_59_cudaLud_carolk402.log,0,_Z12lud_internalPdii, 3, 0, 0, 304025312, 11.080713, 0.726118
2016_09_05_17_08_30_cudaLud_carolk402.log,0,_Z12lud_internalPdii, 7, 0, 0, 1008717, 1.906669, 0.135706
2016_09_05_17_09_04_cudaLud_carolk402.log,0,_Z12lud_internalPdii, 19, 0, 0, 109106936, 12.976435, 0.946626
2016_09_05_17_09_27_cudaLud_carolk402.log,0,_Z12lud_internalPdii, 20, 0, 0, 140268960, 20.953728, 0.768346
2016_09_05_17_10_20_cudaLud_carolk402.log,0,_Z12lud_internalPdii, 15, 0, 0, 76386853, 1.027601, 0.487899
2016_09_05_17_12_29_cudaLud_carolk402.log,0,_Z12lud_internalPdii, 43, 0, 0, 93759779, 17.381826, 0.282509
2016_09_05_17_13_23_cudaLud_carolk402.log,0,_Z12lud_internalPdii, 16, 0, 0, 31219148, 16.726717, 0.618192
2016_09_05_17_13_53_cudaLud_carolk402.log,0,_Z12lud_internalPdii, 2, 0, 0, 223113598, 0.421167, 0.119054
2016_09_05_17_14_10_cudaLud_carolk402.log,0,_Z12lud_internalPdii, 73, 0, 0, 39979479, 17.131832, 0.273589
2016_09_05_17_15_10_cudaLud_carolk402.log,0,_Z12lud_internalPdii, 7, 0, 0, 101252674, 0.385299, 0.632008
2016_09_05_17_15_37_cudaLud_carolk402.log,0,_Z12lud_internalPdii, 8, 0, 0, 46025565, 2.845046, 0.188455
2016_09_05_17_17_01_cudaLud_carolk402.log,0,_Z12lud_internalPdii, 41, 0, 0, 158771210, 4.614958, 0.394823
2016_09_05_17_17_19_cudaLud_carolk402.log,0,_Z12lud_internalPdii, 87, 0, 0, 35818600, 17.100733, 0.159851
2016_09_05_17_17_37_cudaLud_carolk402.log,0,_Z12lud_internalPdii, 56, 0, 0, 83829181, 0.847850, 0.108443
2016_09_05_17_17_55_cudaLud_carolk402.log,0,_Z12lud_internalPdii, 0, 0, 0, 44488566, 1.479086, 0.784107
2016_09_05_17_18_57_cudaLud_carolk402.log,0,_Z12lud_internalPdii, 12, 0, 0, 113652883, 7.283635, 0.579131
2016_09_05_17_19_29_cudaLud_carolk402.log,0,_Z12lud_internalPdii, 51, 0, 0, 68433363, 20.534622, 0.965037
2016_09_05_17_20_06_cudaLud_carolk402.log,0,_Z12lud_internalPdii, 33, 0, 0, 49362002, 3.287079, 0.850802
2016_09_05_17_20_24_cudaLud_carolk402.log,0,_Z12lud_internalPdii, 8, 0, 0, 134358917, 0.801735, 0.240848
2016_09_05_17_21_25_cudaLud_carolk402.log,0,_Z12lud_internalPdii, 7, 0, 0, 256172055, 6.103832, 0.543750
2016_09_05_17_21_42_cudaLud_carolk402.log,0,_Z12lud_internalPdii, 9, 0, 0, 305579092, 1.796277, 0.900247
2016_09_05_17_22_00_cudaLud_carolk402.log,0,_Z12lud_internalPdii, 57, 0, 0, 105756715, 20.930443, 0.551099
2016_09_05_17_22_43_cudaLud_carolk402.log,0,_Z12lud_internalPdii, 14, 0, 0, 232963891, 20.226234, 0.613340
2016_09_05_17_23_00_cudaLud_carolk402.log,0,_Z13lud_perimeterPdii, 67, 0, 0, 543816, 18.502455, 0.952995
2016_09_05_17_24_34_cudaLud_carolk402.log,0,_Z12lud_internalPdii, 48, 0, 0, 10118415, 5.766434, 0.061587
2016_09_05_17_26_37_cudaLud_carolk402.log,0,_Z12lud_internalPdii, 10, 0, 0, 158006364, 20.905767, 0.494460
2016_09_05_17_27_02_cudaLud_carolk402.log,0,_Z12lud_internalPdii, 11, 0, 0, 21501980, 17.056618, 0.547730
2016_09_05_17_27_27_cudaLud_carolk402.log,0,_Z12lud_internalPdii, 66, 0, 0, 1547141, 20.792772, 0.521923
2016_09_05_17_27_58_cudaLud_carolk402.log,0,_Z12lud_internalPdii, 22, 0, 0, 232720783, 3.655388, 0.568645
2016_09_05_17_28_16_cudaLud_carolk402.log,0,_Z12lud_internalPdii, 14, 0, 0, 278510934, 16.249914, 0.500944
2016_09_05_17_28_49_cudaLud_carolk402.log,0,_Z12lud_internalPdii, 60, 0, 0, 15366568, 0.406987, 0.833146
2016_09_05_17_29_07_cudaLud_carolk402.log,0,_Z12lud_internalPdii, 32, 0, 0, 146114166, 16.606123, 0.948283
2016_09_05_17_29_25_cudaLud_carolk402.log,0,_Z12lud_internalPdii, 8, 0, 0, 179038958, 0.871546, 0.842801
2016_09_05_17_30_06_cudaLud_carolk402.log,0,_Z12lud_internalPdii, 31, 0, 0, 172697625, 1.453102, 0.436326
2016_09_05_17_31_49_cudaLud_carolk402.log,0,_Z12lud_internalPdii, 37, 0, 0, 146586242, 20.954842, 0.829090
2016_09_05_17_32_17_cudaLud_carolk402.log,0,_Z12lud_internalPdii, 24, 0, 0, 28195695, 4.895900, 0.235687
2016_09_05_17_32_35_cudaLud_carolk402.log,0,_Z12lud_internalPdii, 31, 0, 0, 18915653, 0.521062, 0.790866
2016_09_05_17_33_45_cudaLud_carolk402.log,0,_Z12lud_internalPdii, 50, 0, 0, 40933394, 14.686362, 0.163827
2016_09_05_17_34_03_cudaLud_carolk402.log,0,_Z12lud_internalPdii, 36, 0, 0, 135621203, 2.766138, 0.581431
2016_09_05_17_35_29_cudaLud_carolk402.log,0,_Z12lud_internalPdii, 72, 0, 0, 51076474, 4.662560, 0.208979
2016_09_05_17_35_58_cudaLud_carolk402.log,0,_Z12lud_internalPdii, 37, 0, 0, 136578017, 14.518254, 0.175390
2016_09_05_17_36_31_cudaLud_carolk402.log,0,_Z12lud_internalPdii, 12, 0, 0, 110420897, 16.628086, 0.250127
2016_09_05_17_36_49_cudaLud_carolk402.log,0,_Z12lud_internalPdii, 69, 0, 0, 37256469, 17.318844, 0.568238
2016_09_05_17_38_14_cudaLud_carolk402.log,0,_Z12lud_internalPdii, 37, 0, 2, 173752046, 10.631845, 0.100010
2016_09_05_17_38_53_cudaLud_carolk402.log,0,_Z12lud_internalPdii, 90, 0, 2, 22884390, 1.359755, 0.629775
2016_09_05_17_39_10_cudaLud_carolk402.log,0,_Z12lud_internalPdii, 12, 0, 2, 28946458, 0.130613, 0.647637
2016_09_05_17_39_44_cudaLud_carolk402.log,0,_Z12lud_internalPdii, 45, 0, 2, 64672158, 8.875226, 0.409483
2016_09_05_17_40_02_cudaLud_carolk402.log,0,_Z12lud_internalPdii, 8, 0, 2, 244801229, 9.258032, 0.328299
2016_09_05_17_40_44_cudaLud_carolk402.log,0,_Z12lud_internalPdii, 45, 0, 2, 69863353, 0.306387, 0.149478
2016_09_05_17_41_02_cudaLud_carolk402.log,0,_Z12lud_internalPdii, 52, 0, 2, 95252652, 11.810717, 0.839375
2016_09_05_17_41_56_cudaLud_carolk402.log,0,_Z12lud_internalPdii, 50, 0, 2, 30150963, 4.821519, 0.380532
2016_09_05_17_42_19_cudaLud_carolk402.log,0,_Z12lud_internalPdii, 27, 0, 2, 54646304, 9.409359, 0.262195
2016_09_05_17_43_09_cudaLud_carolk402.log,0,_Z12lud_internalPdii, 22, 0, 2, 95341520, 12.555449, 0.977856
2016_09_05_17_43_27_cudaLud_carolk402.log,0,_Z12lud_internalPdii, 0, 0, 2, 126096993, 2.277869, 0.501468
2016_09_05_17_43_57_cudaLud_carolk402.log,0,_Z12lud_internalPdii, 11, 0, 2, 280511653, 0.643196, 0.087665
2016_09_05_17_45_09_cudaLud_carolk402.log,0,_Z12lud_internalPdii, 3, 0, 2, 339994124, 15.899208, 0.978137
2016_09_05_17_45_37_cudaLud_carolk402.log,0,_Z12lud_internalPdii, 32, 0, 2, 162001656, 5.042978, 0.253177
2016_09_05_17_46_15_cudaLud_carolk402.log,0,_Z12lud_internalPdii, 12, 0, 2, 246537390, 4.880698, 0.878253
2016_09_05_17_46_42_cudaLud_carolk402.log,0,_Z12lud_internalPdii, 33, 0, 2, 19383613, 1.774556, 0.786364
2016_09_05_17_47_05_cudaLud_carolk402.log,0,_Z12lud_internalPdii, 6, 0, 2, 69321089, 5.931993, 0.802412
2016_09_05_17_47_37_cudaLud_carolk402.log,0,_Z12lud_internalPdii, 9, 0, 2, 317896199, 1.696611, 0.467507
2016_09_05_17_48_19_cudaLud_carolk402.log,0,_Z12lud_internalPdii, 7, 0, 2, 48439924, 12.507450, 0.862272
2016_09_05_17_49_32_cudaLud_carolk402.log,0,_Z12lud_internalPdii, 12, 0, 2, 203326390, 8.043024, 0.939602
2016_09_05_17_50_13_cudaLud_carolk402.log,0,_Z12lud_internalPdii, 101, 0, 2, 9064017, 2.859819, 0.473191
2016_09_05_17_50_46_cudaLud_carolk402.log,0,_Z13lud_perimeterPdii, 102, 0, 2, 636463, 8.167970, 0.901098
2016_09_05_17_51_25_cudaLud_carolk402.log,0,_Z12lud_internalPdii, 20, 0, 2, 21028027, 4.524425, 0.447539
2016_09_05_17_52_19_cudaLud_carolk402.log,0,_Z12lud_internalPdii, 30, 0, 2, 64108737, 0.050643, 0.371287
2016_09_05_17_52_37_cudaLud_carolk402.log,0,_Z12lud_internalPdii, 45, 0, 2, 156503066, 20.615635, 0.850614
2016_09_05_17_52_55_cudaLud_carolk402.log,0,_Z12lud_internalPdii, 57, 0, 2, 37348613, 9.971856, 0.868985
2016_09_05_17_54_21_cudaLud_carolk402.log,0,_Z12lud_internalPdii, 43, 0, 2, 134244339, 5.513110, 0.687913
2016_09_05_17_54_45_cudaLud_carolk402.log,0,_Z12lud_internalPdii, 24, 0, 2, 239885346, 1.135141, 0.420281
2016_09_05_17_55_12_cudaLud_carolk402.log,0,_Z12lud_internalPdii, 55, 0, 2, 117193260, 3.659585, 0.094507
2016_09_05_17_55_33_cudaLud_carolk402.log,0,_Z12lud_internalPdii, 10, 0, 2, 155842120, 12.301463, 0.972119
2016_09_05_17_55_55_cudaLud_carolk402.log,0,_Z12lud_internalPdii, 54, 0, 2, 63417610, 8.809001, 0.196848
2016_09_05_17_56_13_cudaLud_carolk402.log,0,_Z12lud_internalPdii, 6, 0, 2, 191638681, 0.231251, 0.315227
2016_09_05_17_57_29_cudaLud_carolk402.log,0,_Z12lud_internalPdii, 14, 0, 2, 212383663, 15.100819, 0.773089
2016_09_05_17_58_10_cudaLud_carolk402.log,0,_Z12lud_internalPdii, 21, 0, 2, 167099952, 20.191559, 0.571849
2016_09_05_17_59_14_cudaLud_carolk402.log,0,_Z12lud_internalPdii, 8, 0, 2, 94015870, 13.604699, 0.188499
2016_09_05_17_59_59_cudaLud_carolk402.log,0,_Z12lud_internalPdii, 51, 0, 2, 124783859, 1.673667, 0.419321
2016_09_05_18_00_16_cudaLud_carolk402.log,0,_Z12lud_internalPdii, 11, 0, 2, 207057057, 0.601044, 0.580751
2016_09_05_18_02_12_cudaLud_carolk402.log,0,_Z12lud_internalPdii, 37, 0, 2, 63187816, 14.055670, 0.466456
2016_09_05_18_02_29_cudaLud_carolk402.log,0,_Z12lud_internalPdii, 36, 0, 2, 101769856, 1.772621, 0.826364
2016_09_05_18_02_55_cudaLud_carolk402.log,0,_Z12lud_internalPdii, 35, 0, 2, 21757994, 12.851959, 0.002290
2016_09_05_18_03_13_cudaLud_carolk402.log,0,_Z12lud_internalPdii, 50, 0, 2, 68420071, 11.196349, 0.949555
2016_09_05_18_03_31_cudaLud_carolk402.log,0,_Z12lud_internalPdii, 27, 0, 2, 222314134, 0.572060, 0.961982
2016_09_05_18_06_26_cudaLud_carolk402.log,0,_Z12lud_internalPdii, 44, 0, 2, 147249607, 20.242737, 0.107315
2016_09_05_18_07_58_cudaLud_carolk402.log,0,_Z12lud_internalPdii, 12, 0, 2, 305975037, 0.209164, 0.691207
2016_09_05_18_11_24_cudaLud_carolk402.log,0,_Z12lud_internalPdii, 1, 0, 2, 42858323, 6.828793, 0.541658
2016_09_05_18_12_22_cudaLud_carolk402.log,0,_Z12lud_internalPdii, 18, 0, 2, 275879300, 20.091366, 0.156752
2016_09_05_18_12_40_cudaLud_carolk402.log,0,_Z12lud_internalPdii, 20, 0, 2, 66958638, 3.487381, 0.330485
2016_09_05_18_13_14_cudaLud_carolk402.log,0,_Z12lud_internalPdii, 1, 0, 2, 168048513, 1.199422, 0.131006
2016_09_05_18_13_32_cudaLud_carolk402.log,0,_Z12lud_internalPdii, 86, 0, 2, 35532754, 0.577670, 0.787817
2016_09_05_18_14_12_cudaLud_carolk402.log,0,_Z12lud_internalPdii, 51, 0, 2, 119567895, 1.922288, 0.826128
2016_09_05_18_15_55_cudaLud_carolk402.log,0,_Z12lud_internalPdii, 1, 0, 2, 105272305, 20.025131, 0.026466
2016_09_05_18_16_13_cudaLud_carolk402.log,0,_Z12lud_internalPdii, 38, 0, 2, 121448370, 5.271759, 0.320318
2016_09_05_18_17_59_cudaLud_carolk402.log,0,_Z12lud_internalPdii, 65, 0, 2, 89012245, 8.429468, 0.056317
2016_09_05_18_18_32_cudaLud_carolk402.log,0,_Z12lud_internalPdii, 34, 0, 2, 43080713, 6.935296, 0.153624
2016_09_05_18_18_58_cudaLud_carolk402.log,0,_Z12lud_internalPdii, 20, 0, 2, 104860277, 5.223509, 0.514380
2016_09_05_18_19_31_cudaLud_carolk402.log,0,_Z12lud_internalPdii, 41, 0, 2, 9792945, 18.334032, 0.257561
2016_09_05_18_21_36_cudaLud_carolk402.log,0,_Z12lud_internalPdii, 44, 0, 2, 35905021, 13.858681, 0.506535
2016_09_05_18_22_18_cudaLud_carolk402.log,0,_Z12lud_internalPdii, 38, 0, 2, 91855305, 10.897449, 0.485954
2016_09_05_18_22_50_cudaLud_carolk402.log,0,_Z12lud_internalPdii, 81, 0, 2, 15512360, 14.954688, 0.014714
2016_09_05_18_23_26_cudaLud_carolk402.log,0,_Z12lud_internalPdii, 28, 0, 2, 138425845, 0.007853, 0.887075
2016_09_05_18_23_44_cudaLud_carolk402.log,0,_Z12lud_internalPdii, 14, 0, 2, 164021908, 3.296905, 0.148538
2016_09_05_18_24_23_cudaLud_carolk402.log,0,_Z12lud_internalPdii, 96, 0, 2, 9884130, 2.507399, 0.332313
2016_09_05_18_24_41_cudaLud_carolk402.log,0,_Z12lud_internalPdii, 5, 0, 2, 11369621, 1.912900, 0.974226
2016_09_05_18_25_45_cudaLud_carolk402.log,0,_Z12lud_internalPdii, 25, 0, 2, 198871208, 0.579587, 0.874075
2016_09_05_18_26_25_cudaLud_carolk402.log,0,_Z12lud_internalPdii, 11, 0, 2, 41783982, 12.713310, 0.333234
2016_09_05_18_27_26_cudaLud_carolk402.log,0,_Z12lud_internalPdii, 12, 0, 2, 305187507, 14.153704, 0.665439
2016_09_05_18_29_14_cudaLud_carolk402.log,0,_Z12lud_internalPdii, 47, 0, 2, 141563084, 0.844646, 0.195891
2016_09_05_18_29_43_cudaLud_carolk402.log,0,_Z12lud_internalPdii, 59, 0, 2, 61431487, 4.630277, 0.538313
2016_09_05_18_30_10_cudaLud_carolk402.log,0,_Z12lud_internalPdii, 48, 0, 2, 117311971, 0.651814, 0.409354
2016_09_05_18_30_44_cudaLud_carolk402.log,0,_Z12lud_internalPdii, 29, 0, 2, 194439492, 0.604499, 0.220957
2016_09_05_18_31_01_cudaLud_carolk402.log,0,_Z12lud_internalPdii, 54, 0, 2, 105392127, 0.627530, 0.595250
2016_09_05_18_32_01_cudaLud_carolk402.log,0,_Z13lud_perimeterPdii, 44, 0, 2, 1931253, 1.511768, 0.423180
2016_09_05_18_32_19_cudaLud_carolk402.log,0,_Z12lud_internalPdii, 16, 0, 2, 231891150, 2.986740, 0.950005
2016_09_05_18_32_57_cudaLud_carolk402.log,0,_Z12lud_internalPdii, 17, 0, 2, 174208231, 14.210546, 0.278244
2016_09_05_18_33_29_cudaLud_carolk402.log,0,_Z12lud_internalPdii, 23, 0, 2, 52619743, 5.586378, 0.217377
2016_09_05_18_34_13_cudaLud_carolk402.log,0,_Z12lud_internalPdii, 82, 0, 2, 7488534, 11.342677, 0.652085
2016_09_05_18_34_30_cudaLud_carolk402.log,0,_Z12lud_internalPdii, 51, 0, 2, 31895340, 1.578686, 0.089856
2016_09_05_18_34_48_cudaLud_carolk402.log,0,_Z12lud_internalPdii, 75, 0, 2, 28728199, 9.172006, 0.386366
2016_09_05_18_35_06_cudaLud_carolk402.log,0,_Z12lud_internalPdii, 8, 0, 2, 173080384, 6.368189, 0.562576
2016_09_05_18_35_35_cudaLud_carolk402.log,0,_Z12lud_internalPdii, 26, 0, 2, 130481897, 3.636073, 0.551574
2016_09_05_18_36_02_cudaLud_carolk402.log,0,_Z12lud_internalPdii, 1, 0, 2, 318808161, 3.466132, 0.977526
2016_09_05_18_36_20_cudaLud_carolk402.log,0,_Z12lud_internalPdii, 27, 0, 2, 232866192, 4.617579, 0.944665
2016_09_05_18_37_51_cudaLud_carolk402.log,0,_Z12lud_internalPdii, 35, 0, 2, 124098088, 1.951655, 0.883779
2016_09_05_18_38_09_cudaLud_carolk402.log,0,_Z12lud_internalPdii, 50, 0, 2, 25683416, 20.319242, 0.805551
2016_09_05_18_38_27_cudaLud_carolk402.log,0,_Z12lud_internalPdii, 22, 0, 2, 240351092, 15.740951, 0.082624
2016_09_05_18_39_16_cudaLud_carolk402.log,0,_Z12lud_internalPdii, 70, 0, 2, 98448, 0.652356, 0.283963
2016_09_05_18_39_34_cudaLud_carolk402.log,0,_Z12lud_internalPdii, 16, 0, 2, 76929025, 20.950813, 0.019665
2016_09_05_18_40_01_cudaLud_carolk402.log,0,_Z12lud_internalPdii, 20, 0, 2, 188677381, 20.882029, 0.120684
2016_09_05_18_40_19_cudaLud_carolk402.log,0,_Z12lud_internalPdii, 23, 0, 2, 63755343, 20.469875, 0.380787
2016_09_05_18_41_11_cudaLud_carolk402.log,0,_Z12lud_internalPdii, 40, 0, 2, 169143453, 0.687091, 0.170929
2016_09_05_18_43_42_cudaLud_carolk402.log,0,_Z12lud_internalPdii, 0, 0, 2, 253823390, 1.624596, 0.537533
2016_09_05_18_44_08_cudaLud_carolk402.log,0,_Z12lud_internalPdii, 7, 0, 2, 286637820, 18.615395, 0.120332
2016_09_05_18_44_33_cudaLud_carolk402.log,0,_Z12lud_internalPdii, 16, 0, 2, 148110922, 1.415491, 0.974139
2016_09_05_18_45_05_cudaLud_carolk402.log,0,_Z12lud_internalPdii, 64, 0, 2, 7233943, 6.489555, 0.247345
2016_09_05_18_45_38_cudaLud_carolk402.log,0,_Z12lud_internalPdii, 38, 0, 2, 144278797, 0.616439, 0.897545
2016_09_05_18_46_24_cudaLud_carolk402.log,0,_Z12lud_internalPdii, 15, 0, 2, 285420560, 0.145534, 0.220827
2016_09_05_18_46_42_cudaLud_carolk402.log,0,_Z12lud_internalPdii, 8, 0, 2, 180091813, 1.681578, 0.922972
2016_09_05_18_47_22_cudaLud_carolk402.log,0,_Z12lud_internalPdii, 87, 0, 2, 29646501, 19.966839, 0.885067
2016_09_05_18_48_01_cudaLud_carolk402.log,0,_Z12lud_internalPdii, 13, 0, 2, 12748532, 0.321892, 0.647554
2016_09_05_18_48_19_cudaLud_carolk402.log,0,_Z12lud_internalPdii, 19, 0, 2, 169508472, 1.537139, 0.961114
2016_09_05_18_49_16_cudaLud_carolk402.log,0,_Z12lud_internalPdii, 0, 0, 2, 274286807, 9.648915, 0.072360
2016_09_05_18_49_34_cudaLud_carolk402.log,0,_Z12lud_internalPdii, 54, 0, 2, 59432272, 20.646545, 0.927334
2016_09_05_18_51_59_cudaLud_carolk402.log,0,_Z12lud_internalPdii, 0, 0, 2, 13879574, 6.271384, 0.346678
2016_09_05_18_53_01_cudaLud_carolk402.log,0,_Z12lud_internalPdii, 44, 0, 2, 50863947, 15.901567, 0.121173
2016_09_05_18_55_57_cudaLud_carolk402.log,0,_Z12lud_internalPdii, 34, 0, 2, 66829301, 0.353638, 0.022349
2016_09_05_18_58_04_cudaLud_carolk402.log,0,_Z12lud_internalPdii, 23, 0, 2, 42954414, 3.765579, 0.330951
2016_09_05_18_58_38_cudaLud_carolk402.log,0,_Z12lud_internalPdii, 2, 0, 2, 160265824, 16.499166, 0.547670
2016_09_05_18_59_22_cudaLud_carolk402.log,0,_Z12lud_internalPdii, 4, 0, 2, 181982345, 2.017643, 0.078261
2016_09_05_18_59_40_cudaLud_carolk402.log,0,_Z12lud_internalPdii, 33, 0, 2, 173677443, 10.844756, 0.636762
2016_09_05_19_00_42_cudaLud_carolk402.log,0,_Z12lud_internalPdii, 21, 0, 2, 129862497, 0.145466, 0.237154
2016_09_05_19_01_25_cudaLud_carolk402.log,0,_Z12lud_internalPdii, 24, 0, 2, 212471137, 4.034706, 0.103662
2016_09_05_19_01_43_cudaLud_carolk402.log,0,_Z12lud_internalPdii, 9, 0, 2, 224258128, 14.755322, 0.090053
2016_09_05_19_02_01_cudaLud_carolk402.log,0,_Z12lud_internalPdii, 3, 0, 2, 252774881, 0.992728, 0.568532
2016_09_05_19_02_19_cudaLud_carolk402.log,0,_Z12lud_internalPdii, 7, 0, 2, 308048057, 5.935664, 0.848498
2016_09_05_19_02_49_cudaLud_carolk402.log,0,_Z12lud_internalPdii, 20, 0, 2, 53308614, 16.141821, 0.163904
2016_09_05_19_03_15_cudaLud_carolk402.log,0,_Z12lud_internalPdii, 5, 0, 2, 102489874, 20.926203, 0.518419
2016_09_05_19_03_33_cudaLud_carolk402.log,0,_Z12lud_internalPdii, 5, 0, 2, 181415756, 5.114930, 0.876555
2016_09_05_19_04_31_cudaLud_carolk402.log,0,_Z12lud_internalPdii, 51, 0, 2, 68910761, 1.860375, 0.588602
2016_09_05_19_05_12_cudaLud_carolk402.log,0,_Z12lud_internalPdii, 78, 0, 2, 21455250, 0.699120, 0.800794
2016_09_05_19_05_57_cudaLud_carolk402.log,0,_Z12lud_internalPdii, 18, 0, 2, 12072668, 3.709911, 0.725146
2016_09_05_19_07_49_cudaLud_carolk402.log,0,_Z12lud_internalPdii, 31, 0, 2, 168131654, 14.758970, 0.873223
2016_09_05_19_08_52_cudaLud_carolk402.log,0,_Z12lud_internalPdii, 77, 0, 2, 46330975, 14.043902, 0.844393
2016_09_05_19_09_29_cudaLud_carolk402.log,0,_Z12lud_internalPdii, 69, 0, 2, 72618843, 17.247215, 0.308638
2016_09_05_19_09_47_cudaLud_carolk402.log,0,_Z12lud_internalPdii, 17, 0, 2, 226439006, 3.058998, 0.917378
2016_09_05_19_10_37_cudaLud_carolk402.log,0,_Z12lud_internalPdii, 10, 0, 2, 8959488, 15.654583, 0.803562
2016_09_05_19_10_54_cudaLud_carolk402.log,0,_Z12lud_internalPdii, 1, 0, 2, 249744882, 20.715803, 0.132786
2016_09_05_19_11_33_cudaLud_carolk402.log,0,_Z12lud_internalPdii, 20, 0, 2, 264780686, 13.573468, 0.127427
2016_09_05_19_12_05_cudaLud_carolk402.log,0,_Z12lud_internalPdii, 49, 0, 2, 131142964, 0.484792, 0.178407
2016_09_05_19_12_49_cudaLud_carolk402.log,0,_Z12lud_internalPdii, 49, 0, 2, 24856626, 2.766037, 0.068330
2016_09_05_19_13_37_cudaLud_carolk402.log,0,_Z12lud_internalPdii, 47, 0, 2, 5079033, 1.874105, 0.557008
2016_09_05_19_14_07_cudaLud_carolk402.log,0,_Z12lud_internalPdii, 23, 0, 2, 168246721, 3.540175, 0.026826
2016_09_05_19_14_24_cudaLud_carolk402.log,0,_Z12lud_internalPdii, 36, 0, 2, 35628625, 6.753562, 0.913907
2016_09_05_19_15_22_cudaLud_carolk402.log,0,_Z12lud_internalPdii, 29, 0, 2, 151679819, 2.463066, 0.145164
2016_09_05_19_16_22_cudaLud_carolk402.log,0,_Z12lud_internalPdii, 3, 0, 0, 351111770, 1.040259, 0.683087
2016_09_05_19_16_56_cudaLud_carolk402.log,0,_Z12lud_internalPdii, 0, 0, 0, 30950509, 2.222134, 0.982955
2016_09_05_19_17_33_cudaLud_carolk402.log,0,_Z12lud_internalPdii, 26, 0, 0, 153285280, 8.906126, 0.714656
2016_09_05_19_17_57_cudaLud_carolk402.log,0,_Z13lud_perimeterPdii, 6, 0, 0, 3343771, 7.514143, 0.924687
2016_09_05_19_18_14_cudaLud_carolk402.log,0,_Z12lud_internalPdii, 10, 0, 0, 270275229, 1.157888, 0.900212
2016_09_05_19_18_32_cudaLud_carolk402.log,0,_Z12lud_internalPdii, 5, 0, 0, 275120929, 1.298023, 0.990878
2016_09_05_19_18_50_cudaLud_carolk402.log,0,_Z12lud_internalPdii, 7, 0, 0, 41910882, 0.128693, 0.313764
2016_09_05_19_19_29_cudaLud_carolk402.log,0,_Z12lud_internalPdii, 10, 0, 0, 160217102, 18.006533, 0.024103
2016_09_05_19_20_54_cudaLud_carolk402.log,0,_Z12lud_internalPdii, 5, 0, 0, 49006091, 16.914999, 0.236107
2016_09_05_19_21_12_cudaLud_carolk402.log,0,_Z12lud_internalPdii, 63, 0, 0, 26323504, 12.218407, 0.893505
2016_09_05_19_21_49_cudaLud_carolk402.log,0,_Z12lud_internalPdii, 4, 0, 0, 159526899, 10.092384, 0.259634
2016_09_05_19_22_07_cudaLud_carolk402.log,0,_Z12lud_internalPdii, 1, 0, 0, 256690934, 19.934551, 0.527008
2016_09_05_19_23_00_cudaLud_carolk402.log,0,_Z12lud_internalPdii, 35, 0, 0, 101755490, 16.659491, 0.220816
2016_09_05_19_23_18_cudaLud_carolk402.log,0,_Z12lud_internalPdii, 80, 0, 0, 35381016, 3.536599, 0.689383
2016_09_05_19_24_04_cudaLud_carolk402.log,0,_Z12lud_internalPdii, 15, 0, 0, 123065967, 3.121929, 0.431703
2016_09_05_19_24_36_cudaLud_carolk402.log,0,_Z12lud_internalPdii, 20, 0, 0, 55116243, 3.583426, 0.435590
2016_09_05_19_25_06_cudaLud_carolk402.log,0,_Z12lud_internalPdii, 78, 0, 0, 26304971, 5.614355, 0.204642
2016_09_05_19_25_38_cudaLud_carolk402.log,0,_Z12lud_internalPdii, 4, 0, 0, 566053, 4.759879, 0.127287
2016_09_05_19_26_22_cudaLud_carolk402.log,0,_Z12lud_internalPdii, 29, 0, 0, 189612862, 1.415557, 0.160104
2016_09_05_19_26_40_cudaLud_carolk402.log,0,_Z12lud_internalPdii, 49, 0, 0, 68160837, 6.359510, 0.528378
2016_09_05_19_27_34_cudaLud_carolk402.log,0,_Z12lud_internalPdii, 40, 0, 0, 26496292, 20.139467, 0.860661
2016_09_05_19_27_51_cudaLud_carolk402.log,0,_Z12lud_internalPdii, 55, 0, 0, 12041982, 15.730084, 0.723409
2016_09_05_19_28_09_cudaLud_carolk402.log,0,_Z12lud_internalPdii, 33, 0, 0, 58983758, 1.993609, 0.040883
2016_09_05_19_29_05_cudaLud_carolk402.log,0,_Z12lud_internalPdii, 47, 0, 0, 98263449, 0.863076, 0.552686
2016_09_05_19_29_36_cudaLud_carolk402.log,0,_Z12lud_internalPdii, 1, 0, 0, 252409962, 1.324704, 0.875627
2016_09_05_19_30_10_cudaLud_carolk402.log,0,_Z12lud_internalPdii, 53, 0, 0, 72476483, 4.256277, 0.595066
2016_09_05_19_30_28_cudaLud_carolk402.log,0,_Z12lud_internalPdii, 33, 0, 0, 205276033, 9.369164, 0.599810
2016_09_05_19_31_58_cudaLud_carolk402.log,0,_Z12lud_internalPdii, 32, 0, 0, 131055695, 9.879251, 0.187533
2016_09_05_19_32_16_cudaLud_carolk402.log,0,_Z12lud_internalPdii, 60, 0, 0, 52277378, 5.348678, 0.894162
2016_09_05_19_32_34_cudaLud_carolk402.log,0,_Z13lud_perimeterPdii, 29, 0, 0, 4990732, 3.953793, 0.968318
2016_09_05_19_32_51_cudaLud_carolk402.log,0,_Z12lud_internalPdii, 9, 0, 0, 86267307, 10.594166, 0.895116
2016_09_05_19_33_13_cudaLud_carolk402.log,0,_Z12lud_internalPdii, 17, 0, 0, 39107854, 10.313979, 0.557257
2016_09_05_19_33_49_cudaLud_carolk402.log,0,_Z12lud_internalPdii, 10, 0, 0, 289332388, 0.258203, 0.187850
2016_09_05_19_34_06_cudaLud_carolk402.log,0,_Z12lud_internalPdii, 89, 0, 0, 20998712, 16.475967, 0.018161
2016_09_05_19_34_49_cudaLud_carolk402.log,0,_Z12lud_internalPdii, 15, 0, 0, 161547274, 0.918043, 0.306101
2016_09_05_19_35_07_cudaLud_carolk402.log,0,_Z12lud_internalPdii, 6, 0, 0, 251743426, 6.792995, 0.848943
2016_09_05_19_35_25_cudaLud_carolk402.log,0,_Z12lud_internalPdii, 51, 0, 0, 124469277, 20.826342, 0.980171
2016_09_05_19_36_10_cudaLud_carolk402.log,0,_Z12lud_internalPdii, 16, 0, 0, 215773913, 8.257085, 0.784368
2016_09_05_19_36_45_cudaLud_carolk402.log,0,_Z12lud_internalPdii, 5, 0, 0, 267686494, 2.552330, 0.375895
2016_09_05_19_37_27_cudaLud_carolk402.log,0,_Z12lud_internalPdii, 99, 0, 0, 5235931, 2.354389, 0.548234
2016_09_05_19_37_45_cudaLud_carolk402.log,0,_Z12lud_internalPdii, 42, 0, 0, 69446045, 1.530344, 0.028804
2016_09_05_19_38_33_cudaLud_carolk402.log,0,_Z12lud_internalPdii, 80, 0, 0, 18239515, 13.805585, 0.741884
2016_09_05_19_38_58_cudaLud_carolk402.log,0,_Z12lud_internalPdii, 10, 0, 0, 88822603, 2.939185, 0.360649
2016_09_05_19_39_16_cudaLud_carolk402.log,0,_Z12lud_internalPdii, 7, 0, 0, 277936645, 1.319435, 0.982593
2016_09_05_19_39_34_cudaLud_carolk402.log,0,_Z12lud_internalPdii, 9, 0, 0, 268385427, 17.794390, 0.005877
2016_09_05_19_39_52_cudaLud_carolk402.log,0,_Z12lud_internalPdii, 10, 0, 0, 308542092, 7.161095, 0.238901
2016_09_05_19_40_12_cudaLud_carolk402.log,0,_Z12lud_internalPdii, 29, 0, 0, 138149681, 17.081209, 0.197466
2016_09_05_19_40_30_cudaLud_carolk402.log,0,_Z12lud_internalPdii, 18, 0, 0, 180897777, 1.752041, 0.652139
2016_09_05_19_41_19_cudaLud_carolk402.log,0,_Z12lud_internalPdii, 25, 0, 0, 165555808, 1.085598, 0.603029
2016_09_05_19_41_37_cudaLud_carolk402.log,0,_Z12lud_internalPdii, 0, 0, 0, 12242672, 13.644680, 0.430472
2016_09_05_19_41_55_cudaLud_carolk402.log,0,_Z12lud_internalPdii, 50, 0, 0, 123537865, 20.928816, 0.988490
2016_09_05_19_42_53_cudaLud_carolk402.log,0,_Z12lud_internalPdii, 15, 0, 0, 43059795, 1.364820, 0.191909
2016_09_05_19_43_11_cudaLud_carolk402.log,0,_Z12lud_internalPdii, 20, 0, 0, 198269289, 4.642800, 0.196257
2016_09_05_19_44_43_cudaLud_carolk402.log,0,_Z12lud_internalPdii, 29, 0, 0, 134254453, 16.736034, 0.089350
2016_09_05_19_45_01_cudaLud_carolk402.log,0,_Z12lud_internalPdii, 18, 0, 0, 89812880, 12.266784, 0.032782
2016_09_05_19_45_37_cudaLud_carolk402.log,0,_Z12lud_internalPdii, 24, 0, 0, 103665943, 6.841191, 0.626280
2016_09_05_19_46_16_cudaLud_carolk402.log,0,_Z12lud_internalPdii, 37, 0, 0, 8589648, 6.599373, 0.723905
2016_09_05_19_46_47_cudaLud_carolk402.log,0,_Z12lud_internalPdii, 55, 0, 0, 12574180, 1.905737, 0.098870
2016_09_05_19_47_36_cudaLud_carolk402.log,0,_Z12lud_internalPdii, 11, 0, 0, 234751070, 1.729912, 0.644413
2016_09_05_19_48_16_cudaLud_carolk402.log,0,_Z12lud_internalPdii, 4, 0, 0, 295205603, 17.325645, 0.918419
2016_09_05_19_48_34_cudaLud_carolk402.log,0,_Z12lud_internalPdii, 71, 0, 0, 10847643, 7.691093, 0.681462
2016_09_05_19_49_07_cudaLud_carolk402.log,0,_Z12lud_internalPdii, 44, 0, 0, 32028656, 0.005306, 0.390488
2016_09_05_19_49_25_cudaLud_carolk402.log,0,_Z12lud_internalPdii, 5, 0, 0, 304497106, 16.188210, 0.173295
2016_09_05_19_50_45_cudaLud_carolk402.log,0,_Z12lud_internalPdii, 40, 0, 0, 68848071, 15.280967, 0.346969
2016_09_05_19_51_13_cudaLud_carolk402.log,0,_Z12lud_internalPdii, 7, 0, 0, 137203260, 3.103668, 0.399632
2016_09_05_19_51_31_cudaLud_carolk402.log,0,_Z12lud_internalPdii, 21, 0, 0, 108729308, 20.478792, 0.750158
2016_09_05_19_51_49_cudaLud_carolk402.log,0,_Z12lud_internalPdii, 5, 0, 0, 73515421, 18.103893, 0.613353
2016_09_05_19_52_28_cudaLud_carolk402.log,0,_Z12lud_internalPdii, 11, 0, 0, 272236939, 10.269908, 0.074533
2016_09_05_19_53_10_cudaLud_carolk402.log,0,_Z12lud_internalPdii, 17, 0, 0, 242909469, 0.304193, 0.853468
2016_09_05_19_53_28_cudaLud_carolk402.log,0,_Z12lud_internalPdii, 30, 0, 0, 50552208, 0.572719, 0.718633
2016_09_05_19_53_58_cudaLud_carolk402.log,0,_Z12lud_internalPdii, 24, 0, 0, 21841644, 19.269545, 0.138306
2016_09_05_19_54_34_cudaLud_carolk402.log,0,_Z12lud_internalPdii, 18, 0, 0, 48780071, 2.223499, 0.534454
2016_09_05_19_54_52_cudaLud_carolk402.log,0,_Z12lud_internalPdii, 45, 0, 0, 116107626, 6.129328, 0.576145
2016_09_05_19_55_25_cudaLud_carolk402.log,0,_Z12lud_internalPdii, 27, 0, 0, 139087536, 17.662893, 0.341013
2016_09_05_19_55_43_cudaLud_carolk402.log,0,_Z12lud_internalPdii, 7, 0, 0, 330483041, 2.040219, 0.897076
2016_09_05_19_56_06_cudaLud_carolk402.log,0,_Z12lud_internalPdii, 8, 0, 0, 16314636, 17.505785, 0.296495
2016_09_05_19_56_43_cudaLud_carolk402.log,0,_Z12lud_internalPdii, 18, 0, 0, 46209405, 12.380998, 0.968723
2016_09_05_19_57_38_cudaLud_carolk402.log,0,_Z12lud_internalPdii, 14, 0, 0, 162946807, 20.102194, 0.901120
2016_09_05_19_58_32_cudaLud_carolk402.log,0,_Z12lud_internalPdii, 37, 0, 0, 169547315, 5.075587, 0.021842
2016_09_05_20_00_01_cudaLud_carolk402.log,0,_Z13lud_perimeterPdii, 86, 0, 0, 39366, 31.131804, 0.218169
2016_09_05_20_01_20_cudaLud_carolk402.log,0,_Z12lud_internalPdii, 48, 0, 0, 23144881, 7.031137, 0.372009
2016_09_05_20_01_40_cudaLud_carolk402.log,0,_Z12lud_internalPdii, 11, 0, 0, 29818200, 5.002209, 0.118860
2016_09_05_20_01_58_cudaLud_carolk402.log,0,_Z12lud_internalPdii, 12, 0, 0, 300631827, 13.125426, 0.050874
2016_09_05_20_02_19_cudaLud_carolk402.log,0,_Z12lud_internalPdii, 58, 0, 0, 67666603, 14.733305, 0.166900
2016_09_05_20_02_37_cudaLud_carolk402.log,0,_Z12lud_internalPdii, 57, 0, 0, 17171323, 3.023017, 0.685976
2016_09_05_20_02_57_cudaLud_carolk402.log,0,_Z12lud_internalPdii, 52, 0, 0, 47355612, 4.501825, 0.202951
2016_09_05_20_03_40_cudaLud_carolk402.log,0,_Z12lud_internalPdii, 86, 0, 0, 26625487, 14.901702, 0.184113
2016_09_05_20_04_01_cudaLud_carolk402.log,0,_Z12lud_internalPdii, 89, 0, 0, 474227, 1.052138, 0.118390
2016_09_05_20_04_27_cudaLud_carolk402.log,0,_Z12lud_internalPdii, 15, 0, 0, 175598774, 17.546980, 0.177552
2016_09_05_20_05_10_cudaLud_carolk402.log,0,_Z12lud_internalPdii, 63, 0, 0, 12584856, 13.696521, 0.415926
2016_09_05_20_06_02_cudaLud_carolk402.log,0,_Z12lud_internalPdii, 17, 0, 0, 157283380, 2.894865, 0.706429
2016_09_05_20_06_31_cudaLud_carolk402.log,0,_Z12lud_internalPdii, 13, 0, 0, 15781449, 15.093899, 0.354743
2016_09_05_20_06_48_cudaLud_carolk402.log,0,_Z12lud_internalPdii, 12, 0, 0, 163072342, 6.935957, 0.834777
2016_09_05_20_07_53_cudaLud_carolk402.log,0,_Z12lud_internalPdii, 18, 0, 0, 197487971, 14.608985, 0.019001
2016_09_05_20_08_11_cudaLud_carolk402.log,0,_Z12lud_internalPdii, 10, 0, 0, 136361912, 17.642115, 0.174090
2016_09_05_20_09_38_cudaLud_carolk402.log,0,_Z12lud_internalPdii, 92, 0, 0, 28303782, 16.195524, 0.013302
2016_09_05_20_10_08_cudaLud_carolk402.log,0,_Z12lud_internalPdii, 29, 0, 0, 160737768, 1.142511, 0.121199
2016_09_05_20_10_36_cudaLud_carolk402.log,0,_Z12lud_internalPdii, 13, 0, 0, 69388205, 13.985821, 0.659862
2016_09_05_20_11_20_cudaLud_carolk402.log,0,_Z12lud_internalPdii, 71, 0, 0, 16672614, 4.025880, 0.171333
2016_09_05_20_11_37_cudaLud_carolk402.log,0,_Z12lud_internalPdii, 21, 0, 0, 132892116, 1.312379, 0.466129
2016_09_05_20_12_10_cudaLud_carolk402.log,0,_Z12lud_internalPdii, 29, 0, 0, 98067243, 14.226176, 0.239100
2016_09_05_20_12_27_cudaLud_carolk402.log,0,_Z12lud_internalPdii, 70, 0, 0, 69517531, 5.656214, 0.009644
2016_09_05_20_12_52_cudaLud_carolk402.log,0,_Z12lud_internalPdii, 5, 0, 0, 279302995, 0.979551, 0.936461
2016_09_05_20_13_10_cudaLud_carolk402.log,0,_Z12lud_internalPdii, 71, 0, 0, 35283169, 0.196745, 0.702008
2016_09_05_20_13_27_cudaLud_carolk402.log,0,_Z12lud_internalPdii, 68, 0, 0, 33660194, 9.277729, 0.195350
2016_09_05_20_13_45_cudaLud_carolk402.log,0,_Z13lud_perimeterPdii, 5, 0, 0, 4267248, 6.977998, 0.344988
2016_09_05_20_14_02_cudaLud_carolk402.log,0,_Z12lud_internalPdii, 26, 0, 0, 216572251, 14.480900, 0.123879
2016_09_05_20_14_32_cudaLud_carolk402.log,0,_Z12lud_internalPdii, 55, 0, 0, 56149204, 1.986072, 0.853455
2016_09_05_20_15_11_cudaLud_carolk402.log,0,_Z12lud_internalPdii, 115, 0, 0, 3246873, 20.012707, 0.404055
2016_09_05_20_15_52_cudaLud_carolk402.log,0,_Z12lud_internalPdii, 12, 0, 0, 32046667, 0.599949, 0.733669
2016_09_05_20_16_14_cudaLud_carolk402.log,0,_Z12lud_internalPdii, 28, 0, 0, 195091201, 7.401658, 0.210377
2016_09_05_20_16_32_cudaLud_carolk402.log,0,_Z12lud_internalPdii, 8, 0, 0, 299824399, 1.402271, 0.089380
2016_09_05_20_16_50_cudaLud_carolk402.log,0,_Z12lud_internalPdii, 74, 0, 0, 31727297, 16.621241, 0.547881
2016_09_05_20_17_07_cudaLud_carolk402.log,0,_Z12lud_internalPdii, 37, 0, 0, 182084673, 5.148163, 0.303885
2016_09_05_20_17_25_cudaLud_carolk402.log,0,_Z12lud_internalPdii, 9, 0, 0, 254674547, 6.906401, 0.115124
2016_09_05_20_18_40_cudaLud_carolk402.log,0,_Z12lud_internalPdii, 16, 0, 0, 121308609, 16.712841, 0.365541
2016_09_05_20_19_20_cudaLud_carolk402.log,0,_Z12lud_internalPdii, 36, 0, 0, 29085440, 10.127333, 0.242294
2016_09_05_20_20_39_cudaLud_carolk402.log,0,_Z12lud_internalPdii, 18, 0, 0, 226004708, 20.544603, 0.242634
2016_09_05_20_21_09_cudaLud_carolk402.log,0,_Z12lud_internalPdii, 84, 0, 0, 38246801, 20.125496, 0.106819
2016_09_05_20_21_44_cudaLud_carolk402.log,0,_Z12lud_internalPdii, 14, 0, 0, 32254436, 20.145926, 0.851177
2016_09_05_20_22_02_cudaLud_carolk402.log,0,_Z12lud_internalPdii, 30, 0, 0, 78537628, 4.896034, 0.644651
2016_09_05_20_22_19_cudaLud_carolk402.log,0,_Z12lud_internalPdii, 8, 0, 0, 105603876, 4.997034, 0.838494
2016_09_05_20_23_31_cudaLud_carolk402.log,0,_Z12lud_internalPdii, 7, 0, 0, 76457880, 14.956694, 0.319834
2016_09_05_20_24_00_cudaLud_carolk402.log,0,_Z12lud_internalPdii, 14, 0, 0, 245804633, 9.311850, 0.452534
2016_09_05_20_24_27_cudaLud_carolk402.log,0,_Z12lud_internalPdii, 15, 0, 0, 219402692, 17.008364, 0.363631
2016_09_05_20_25_50_cudaLud_carolk402.log,0,_Z12lud_internalPdii, 23, 0, 0, 28627329, 0.063409, 0.409618
2016_09_05_20_26_08_cudaLud_carolk402.log,0,_Z12lud_internalPdii, 21, 0, 0, 19461149, 0.171626, 0.442790
2016_09_05_20_26_26_cudaLud_carolk402.log,0,_Z12lud_internalPdii, 59, 0, 0, 14723989, 17.362207, 0.051317
2016_09_05_20_26_43_cudaLud_carolk402.log,0,_Z12lud_internalPdii, 16, 0, 0, 206448920, 5.314669, 0.111931
2016_09_05_20_27_32_cudaLud_carolk402.log,0,_Z12lud_internalPdii, 13, 0, 0, 160382912, 20.721426, 0.352619
2016_09_05_20_27_51_cudaLud_carolk402.log,0,_Z12lud_internalPdii, 16, 0, 0, 38683379, 14.047647, 0.793395
2016_09_05_20_28_09_cudaLud_carolk402.log,0,_Z12lud_internalPdii, 3, 0, 0, 206239811, 3.347987, 0.012773
2016_09_05_20_29_00_cudaLud_carolk402.log,0,_Z12lud_internalPdii, 6, 0, 0, 276457958, 12.445539, 0.392819
2016_09_05_20_29_27_cudaLud_carolk402.log,0,_Z12lud_internalPdii, 4, 0, 0, 80595614, 2.591809, 0.292576
2016_09_05_20_30_46_cudaLud_carolk402.log,0,_Z12lud_internalPdii, 48, 0, 0, 22166743, 3.332222, 0.748748
2016_09_05_20_31_33_cudaLud_carolk402.log,0,_Z12lud_internalPdii, 49, 0, 0, 66170438, 2.016142, 0.172160
2016_09_05_20_33_21_cudaLud_carolk402.log,0,_Z12lud_internalPdii, 14, 0, 0, 156280710, 15.536532, 0.712183
2016_09_05_20_34_11_cudaLud_carolk402.log,0,_Z12lud_internalPdii, 7, 0, 0, 317327256, 2.863740, 0.532240
2016_09_05_20_34_45_cudaLud_carolk402.log,0,_Z12lud_internalPdii, 37, 0, 0, 4965678, 12.917791, 0.454276
2016_09_05_20_35_35_cudaLud_carolk402.log,0,_Z12lud_internalPdii, 37, 0, 0, 79871918, 13.059583, 0.685364
2016_09_05_20_35_53_cudaLud_carolk402.log,0,_Z12lud_internalPdii, 17, 0, 0, 126945519, 5.087996, 0.154148
2016_09_05_20_36_25_cudaLud_carolk402.log,0,_Z12lud_internalPdii, 16, 0, 0, 152656194, 6.425230, 0.206920
2016_09_05_20_36_42_cudaLud_carolk402.log,0,_Z12lud_internalPdii, 45, 0, 0, 98449050, 0.425334, 0.115569
2016_09_05_20_37_09_cudaLud_carolk402.log,0,_Z12lud_internalPdii, 39, 0, 0, 62233560, 20.118706, 0.155916
2016_09_05_20_37_30_cudaLud_carolk402.log,0,_Z13lud_perimeterPdii, 36, 0, 0, 2615034, 4.636585, 0.986033
2016_09_05_20_37_52_cudaLud_carolk402.log,0,_Z12lud_internalPdii, 47, 0, 0, 127967022, 17.366068, 0.334617
2016_09_05_20_38_15_cudaLud_carolk402.log,0,_Z12lud_internalPdii, 2, 0, 0, 67326433, 1.314918, 0.453684
2016_09_05_20_39_07_cudaLud_carolk402.log,0,_Z12lud_internalPdii, 79, 0, 0, 22064088, 12.000017, 0.356486
2016_09_05_20_39_44_cudaLud_carolk402.log,0,_Z12lud_internalPdii, 17, 0, 0, 106190301, 1.084446, 0.805879
2016_09_05_20_40_56_cudaLud_carolk402.log,0,_Z12lud_internalPdii, 30, 0, 0, 12480434, 17.044771, 0.623923
2016_09_05_20_41_14_cudaLud_carolk402.log,0,_Z12lud_internalPdii, 46, 0, 0, 62017021, 7.036178, 0.676641
2016_09_05_20_41_31_cudaLud_carolk402.log,0,_Z12lud_internalPdii, 0, 0, 0, 253462354, 1.018674, 0.990376
2016_09_05_20_42_12_cudaLud_carolk402.log,0,_Z12lud_internalPdii, 41, 0, 0, 55233351, 11.416048, 0.422387
2016_09_05_20_43_12_cudaLud_carolk402.log,0,_Z12lud_internalPdii, 23, 0, 0, 147691096, 3.284414, 0.213757
2016_09_05_20_43_43_cudaLud_carolk402.log,0,_Z12lud_internalPdii, 9, 0, 0, 118838118, 1.312948, 0.090207
2016_09_05_20_44_01_cudaLud_carolk402.log,0,_Z12lud_internalPdii, 25, 0, 0, 16701270, 2.355906, 0.873398
2016_09_05_20_44_36_cudaLud_carolk402.log,0,_Z12lud_internalPdii, 73, 0, 0, 29381931, 10.411851, 0.700873
2016_09_05_20_45_44_cudaLud_carolk402.log,0,_Z12lud_internalPdii, 1, 0, 0, 357382850, 20.099577, 0.432899
2016_09_05_20_46_02_cudaLud_carolk402.log,0,_Z12lud_internalPdii, 2, 0, 0, 141946581, 6.697619, 0.227729
2016_09_05_20_46_20_cudaLud_carolk402.log,0,_Z12lud_internalPdii, 42, 0, 0, 148396999, 0.401516, 0.020809
2016_09_05_20_46_38_cudaLud_carolk402.log,0,_Z12lud_internalPdii, 37, 0, 0, 135208116, 9.345641, 0.858100
2016_09_05_20_47_47_cudaLud_carolk402.log,0,_Z12lud_internalPdii, 26, 0, 0, 77071111, 13.717218, 0.002230
2016_09_05_20_48_24_cudaLud_carolk402.log,0,_Z12lud_internalPdii, 34, 0, 0, 117111515, 1.476952, 0.766192
2016_09_05_20_49_50_cudaLud_carolk402.log,0,_Z12lud_internalPdii, 31, 0, 0, 104190684, 4.108282, 0.096045
2016_09_05_20_50_08_cudaLud_carolk402.log,0,_Z12lud_internalPdii, 90, 0, 0, 8090494, 9.043891, 0.406888
2016_09_05_20_51_18_cudaLud_carolk402.log,0,_Z12lud_internalPdii, 8, 0, 0, 262990105, 15.275225, 0.505024
2016_09_05_20_52_10_cudaLud_carolk402.log,0,_Z12lud_internalPdii, 10, 0, 0, 81447275, 8.764238, 0.947428
2016_09_05_20_52_28_cudaLud_carolk402.log,0,_Z12lud_internalPdii, 80, 0, 0, 49691323, 5.378417, 0.180175
2016_09_05_20_52_45_cudaLud_carolk402.log,0,_Z12lud_internalPdii, 71, 0, 0, 38033671, 1.977243, 0.825883
2016_09_05_20_53_03_cudaLud_carolk402.log,0,_Z12lud_internalPdii, 10, 0, 0, 209603358, 15.791852, 0.057494
2016_09_05_20_53_55_cudaLud_carolk402.log,0,_Z12lud_internalPdii, 58, 0, 0, 26453115, 6.614805, 0.551398
2016_09_05_20_54_46_cudaLud_carolk402.log,0,_Z12lud_internalPdii, 10, 0, 0, 87152560, 20.428297, 0.307445
2016_09_05_20_55_41_cudaLud_carolk402.log,0,_Z12lud_internalPdii, 16, 0, 0, 149637631, 10.148276, 0.912832
2016_09_05_20_55_59_cudaLud_carolk402.log,0,_Z12lud_internalPdii, 18, 0, 0, 11568188, 1.140978, 0.131677
2016_09_05_20_56_16_cudaLud_carolk402.log,0,_Z13lud_perimeterPdii, 39, 0, 0, 1266010, 9.390162, 0.335518
2016_09_05_20_57_05_cudaLud_carolk402.log,0,_Z12lud_internalPdii, 1, 0, 0, 92786948, 8.877058, 0.391472
2016_09_05_20_57_37_cudaLud_carolk402.log,0,_Z12lud_internalPdii, 88, 0, 0, 7490652, 15.835308, 0.574356
2016_09_05_20_58_33_cudaLud_carolk402.log,0,_Z12lud_internalPdii, 61, 0, 0, 62319941, 7.697245, 0.914787
2016_09_05_20_58_55_cudaLud_carolk402.log,0,_Z12lud_internalPdii, 6, 0, 0, 240575830, 1.215682, 0.703923
2016_09_05_20_59_49_cudaLud_carolk402.log,0,_Z12lud_internalPdii, 22, 0, 0, 187849502, 11.938728, 0.006365
2016_09_05_21_00_55_cudaLud_carolk402.log,0,_Z12lud_internalPdii, 61, 0, 0, 1368282, 11.093237, 0.119447
2016_09_05_21_01_29_cudaLud_carolk402.log,0,_Z12lud_internalPdii, 8, 0, 0, 73892493, 5.179415, 0.181575
2016_09_05_21_01_47_cudaLud_carolk402.log,0,_Z12lud_internalPdii, 56, 0, 0, 59893519, 17.952097, 0.526722
2016_09_05_21_02_20_cudaLud_carolk402.log,0,_Z12lud_internalPdii, 16, 0, 2, 54755167, 3.982679, 0.166192
2016_09_05_21_02_45_cudaLud_carolk402.log,0,_Z12lud_internalPdii, 24, 0, 2, 226605616, 0.133125, 0.803401
2016_09_05_21_03_38_cudaLud_carolk402.log,0,_Z12lud_internalPdii, 62, 0, 2, 82470856, 20.865786, 0.617466
2016_09_05_21_03_55_cudaLud_carolk402.log,0,_Z12lud_internalPdii, 3, 0, 2, 221927033, 13.622927, 0.552112
2016_09_05_21_04_57_cudaLud_carolk402.log,0,_Z12lud_internalPdii, 5, 0, 2, 15517919, 6.356421, 0.724290
2016_09_05_21_05_30_cudaLud_carolk402.log,0,_Z12lud_internalPdii, 7, 0, 2, 125199043, 4.545197, 0.822566
2016_09_05_21_06_18_cudaLud_carolk402.log,0,_Z12lud_internalPdii, 77, 0, 2, 41549452, 10.728285, 0.960644
2016_09_05_21_07_03_cudaLud_carolk402.log,0,_Z12lud_internalPdii, 14, 0, 2, 101518439, 1.115388, 0.816155
2016_09_05_21_07_26_cudaLud_carolk402.log,0,_Z12lud_internalPdii, 18, 0, 2, 220634661, 20.683937, 0.641283
2016_09_05_21_08_14_cudaLud_carolk402.log,0,_Z12lud_internalPdii, 11, 0, 2, 197813675, 1.139926, 0.705008
2016_09_05_21_09_27_cudaLud_carolk402.log,0,_Z12lud_internalPdii, 0, 0, 2, 214350997, 6.458778, 0.057369
2016_09_05_21_10_26_cudaLud_carolk402.log,0,_Z12lud_internalPdii, 4, 0, 2, 330353466, 5.122344, 0.775456
2016_09_05_21_10_44_cudaLud_carolk402.log,0,_Z12lud_internalPdii, 27, 0, 2, 161754603, 0.106789, 0.014340
2016_09_05_21_11_02_cudaLud_carolk402.log,0,_Z12lud_internalPdii, 1, 0, 2, 285376557, 14.429395, 0.905805
2016_09_05_21_11_28_cudaLud_carolk402.log,0,_Z12lud_internalPdii, 6, 0, 2, 94200385, 1.934768, 0.325474
2016_09_05_21_12_49_cudaLud_carolk402.log,0,_Z12lud_internalPdii, 46, 0, 2, 46425664, 12.063318, 0.489125
2016_09_05_21_13_06_cudaLud_carolk402.log,0,_Z12lud_internalPdii, 4, 0, 2, 67131014, 0.360259, 0.992802
2016_09_05_21_13_24_cudaLud_carolk402.log,0,_Z12lud_internalPdii, 24, 0, 2, 4456327, 13.936118, 0.833861
2016_09_05_21_13_52_cudaLud_carolk402.log,0,_Z12lud_internalPdii, 5, 0, 2, 315642375, 4.418831, 0.397751
2016_09_05_21_14_17_cudaLud_carolk402.log,0,_Z12lud_internalPdii, 57, 0, 2, 55680604, 9.467594, 0.071265
2016_09_05_21_14_35_cudaLud_carolk402.log,0,_Z12lud_internalPdii, 80, 0, 2, 21724299, 5.731125, 0.243108
2016_09_05_21_15_03_cudaLud_carolk402.log,0,_Z12lud_internalPdii, 7, 0, 2, 158129421, 20.518246, 0.976149
2016_09_05_21_15_44_cudaLud_carolk402.log,0,_Z12lud_internalPdii, 8, 0, 2, 130773063, 3.997715, 0.757290
2016_09_05_21_16_32_cudaLud_carolk402.log,0,_Z12lud_internalPdii, 95, 0, 2, 21606745, 0.674069, 0.238578
2016_09_05_21_16_58_cudaLud_carolk402.log,0,_Z12lud_internalPdii, 34, 0, 2, 80516697, 6.760816, 0.827636
2016_09_05_21_17_16_cudaLud_carolk402.log,0,_Z12lud_internalPdii, 17, 0, 2, 30069700, 0.585013, 0.199459
2016_09_05_21_17_51_cudaLud_carolk402.log,0,_Z12lud_internalPdii, 41, 0, 2, 2094428, 1.877445, 0.773791
2016_09_05_21_18_09_cudaLud_carolk402.log,0,_Z12lud_internalPdii, 48, 0, 2, 71948717, 0.998661, 0.805971
2016_09_05_21_18_39_cudaLud_carolk402.log,0,_Z12lud_internalPdii, 7, 0, 2, 117157730, 12.091413, 0.254141
2016_09_05_21_19_42_cudaLud_carolk402.log,0,_Z12lud_internalPdii, 13, 0, 2, 82297890, 19.444393, 0.715992
2016_09_05_21_20_29_cudaLud_carolk402.log,0,_Z12lud_internalPdii, 32, 0, 2, 116861763, 5.093057, 0.881018
2016_09_05_21_21_21_cudaLud_carolk402.log,0,_Z12lud_internalPdii, 31, 0, 2, 210423210, 1.022109, 0.337360
2016_09_05_21_21_39_cudaLud_carolk402.log,0,_Z12lud_internalPdii, 35, 0, 2, 188126792, 20.204361, 0.447766
2016_09_05_21_22_13_cudaLud_carolk402.log,0,_Z12lud_internalPdii, 27, 0, 2, 196672489, 20.704060, 0.870998
2016_09_05_21_22_31_cudaLud_carolk402.log,0,_Z12lud_internalPdii, 56, 0, 2, 56170580, 8.898774, 0.283195
2016_09_05_21_22_48_cudaLud_carolk402.log,0,_Z12lud_internalPdii, 39, 0, 2, 52072308, 1.807028, 0.975525
2016_09_05_21_23_06_cudaLud_carolk402.log,0,_Z12lud_internalPdii, 0, 0, 2, 228932142, 10.238146, 0.365203
2016_09_05_21_24_08_cudaLud_carolk402.log,0,_Z12lud_internalPdii, 24, 0, 2, 214764584, 0.647494, 0.269411
2016_09_05_21_25_05_cudaLud_carolk402.log,0,_Z12lud_internalPdii, 47, 0, 2, 92638944, 1.320494, 0.243804
2016_09_05_21_26_34_cudaLud_carolk402.log,0,_Z12lud_internalPdii, 49, 0, 2, 40870515, 4.584786, 0.580063
2016_09_05_21_27_13_cudaLud_carolk402.log,0,_Z12lud_internalPdii, 68, 0, 2, 62767452, 8.576168, 0.905619
2016_09_05_21_27_31_cudaLud_carolk402.log,0,_Z12lud_internalPdii, 5, 0, 2, 201461371, 12.751498, 0.636125
2016_09_05_21_28_44_cudaLud_carolk402.log,0,_Z12lud_internalPdii, 60, 0, 2, 13334880, 13.255826, 0.482036
2016_09_05_21_29_54_cudaLud_carolk402.log,0,_Z12lud_internalPdii, 40, 0, 2, 68564064, 12.824096, 0.435872
2016_09_05_21_30_30_cudaLud_carolk402.log,0,_Z12lud_internalPdii, 48, 0, 2, 112066826, 15.900157, 0.478817
2016_09_05_21_31_00_cudaLud_carolk402.log,0,_Z12lud_internalPdii, 61, 0, 2, 5189023, 20.739910, 0.870367
2016_09_05_21_31_38_cudaLud_carolk402.log,0,_Z12lud_internalPdii, 15, 0, 2, 249795699, 9.801160, 0.789035
2016_09_05_21_32_36_cudaLud_carolk402.log,0,_Z12lud_internalPdii, 5, 0, 2, 19153449, 7.844195, 0.017177
2016_09_05_21_32_54_cudaLud_carolk402.log,0,_Z12lud_internalPdii, 16, 0, 2, 95537281, 0.363392, 0.631682
2016_09_05_21_33_12_cudaLud_carolk402.log,0,_Z12lud_internalPdii, 22, 0, 2, 211534610, 0.737786, 0.642445
2016_09_05_21_33_30_cudaLud_carolk402.log,0,_Z12lud_internalPdii, 15, 0, 2, 7787908, 14.690288, 0.797277
2016_09_05_21_33_54_cudaLud_carolk402.log,0,_Z12lud_internalPdii, 0, 0, 2, 41892564, 0.435796, 0.429306
2016_09_05_21_34_20_cudaLud_carolk402.log,0,_Z12lud_internalPdii, 38, 0, 2, 22716127, 1.704792, 0.670617
2016_09_05_21_35_07_cudaLud_carolk402.log,0,_Z12lud_internalPdii, 18, 0, 2, 35504607, 11.482481, 0.093733
2016_09_05_21_35_24_cudaLud_carolk402.log,0,_Z12lud_internalPdii, 1, 0, 2, 299171934, 20.515289, 0.279846
2016_09_05_21_35_42_cudaLud_carolk402.log,0,_Z12lud_internalPdii, 10, 0, 2, 41999913, 1.184153, 0.856914
2016_09_05_21_36_00_cudaLud_carolk402.log,0,_Z12lud_internalPdii, 3, 0, 2, 130957961, 14.857566, 0.665726
2016_09_05_21_36_36_cudaLud_carolk402.log,0,_Z12lud_internalPdii, 6, 0, 2, 1759822, 1.550320, 0.869871
2016_09_05_21_37_16_cudaLud_carolk402.log,0,_Z12lud_internalPdii, 41, 0, 2, 101792508, 2.408025, 0.620790
2016_09_05_21_38_28_cudaLud_carolk402.log,0,_Z12lud_internalPdii, 36, 0, 2, 93173867, 7.526357, 0.788625
2016_09_05_21_38_48_cudaLud_carolk402.log,0,_Z12lud_internalPdii, 39, 0, 2, 158866933, 1.070517, 0.926181
2016_09_05_21_39_06_cudaLud_carolk402.log,0,_Z12lud_internalPdii, 17, 0, 2, 203621698, 5.784786, 0.596740
2016_09_05_21_39_51_cudaLud_carolk402.log,0,_Z12lud_internalPdii, 15, 0, 2, 170995661, 0.646009, 0.482351
2016_09_05_21_40_16_cudaLud_carolk402.log,0,_Z12lud_internalPdii, 4, 0, 2, 54728559, 4.248217, 0.885158
2016_09_05_21_41_00_cudaLud_carolk402.log,0,_Z12lud_internalPdii, 14, 0, 2, 262498045, 1.381783, 0.430644
2016_09_05_21_41_30_cudaLud_carolk402.log,0,_Z12lud_internalPdii, 6, 0, 2, 74277857, 6.535277, 0.987430
2016_09_05_21_42_32_cudaLud_carolk402.log,0,_Z12lud_internalPdii, 33, 0, 2, 73400609, 1.235062, 0.881660
2016_09_05_21_43_28_cudaLud_carolk402.log,0,_Z12lud_internalPdii, 8, 0, 2, 4214023, 2.464919, 0.778896
2016_09_05_21_44_17_cudaLud_carolk402.log,0,_Z12lud_internalPdii, 14, 0, 2, 35648383, 9.476909, 0.388607
2016_09_05_21_45_50_cudaLud_carolk402.log,0,_Z12lud_internalPdii, 15, 0, 2, 251597808, 20.911140, 0.464703
2016_09_05_21_46_21_cudaLud_carolk402.log,0,_Z12lud_internalPdii, 50, 0, 2, 10657073, 3.913130, 0.022433
2016_09_05_21_46_51_cudaLud_carolk402.log,0,_Z12lud_internalPdii, 22, 0, 2, 243453196, 8.664151, 0.987721
2016_09_05_21_47_09_cudaLud_carolk402.log,0,_Z12lud_internalPdii, 16, 0, 2, 218183973, 12.114736, 0.298778
2016_09_05_21_48_31_cudaLud_carolk402.log,0,_Z12lud_internalPdii, 53, 0, 2, 37545768, 5.869072, 0.555972
2016_09_05_21_49_56_cudaLud_carolk402.log,0,_Z12lud_internalPdii, 44, 0, 2, 132091290, 3.907645, 0.150769
2016_09_05_21_50_14_cudaLud_carolk402.log,0,_Z12lud_internalPdii, 65, 0, 2, 12610315, 2.081731, 0.718315
2016_09_05_21_50_31_cudaLud_carolk402.log,0,_Z12lud_internalPdii, 24, 0, 2, 239777957, 13.322466, 0.947786
2016_09_05_21_50_49_cudaLud_carolk402.log,0,_Z12lud_internalPdii, 37, 0, 2, 181703635, 18.491053, 0.914949
2016_09_05_21_51_16_cudaLud_carolk402.log,0,_Z12lud_internalPdii, 34, 0, 2, 120986550, 14.474331, 0.416074
2016_09_05_21_51_48_cudaLud_carolk402.log,0,_Z12lud_internalPdii, 28, 0, 2, 33014079, 5.785389, 0.995318
2016_09_05_21_52_06_cudaLud_carolk402.log,0,_Z12lud_internalPdii, 14, 0, 2, 145476469, 0.143908, 0.823451
2016_09_05_21_52_31_cudaLud_carolk402.log,0,_Z12lud_internalPdii, 40, 0, 2, 68510696, 0.128160, 0.179844
2016_09_05_21_52_58_cudaLud_carolk402.log,0,_Z12lud_internalPdii, 15, 0, 2, 99560083, 9.165478, 0.394546
2016_09_05_21_53_16_cudaLud_carolk402.log,0,_Z12lud_internalPdii, 4, 0, 2, 324584533, 0.621114, 0.244266
2016_09_05_21_53_38_cudaLud_carolk402.log,0,_Z12lud_internalPdii, 41, 0, 2, 68242327, 13.575640, 0.514260
2016_09_05_21_53_56_cudaLud_carolk402.log,0,_Z12lud_internalPdii, 11, 0, 2, 133462787, 1.112891, 0.446871
2016_09_05_21_54_49_cudaLud_carolk402.log,0,_Z12lud_internalPdii, 1, 0, 2, 255000068, 7.349845, 0.779241
2016_09_05_21_55_38_cudaLud_carolk402.log,0,_Z12lud_internalPdii, 28, 0, 2, 123087267, 20.328804, 0.997319
2016_09_05_21_55_55_cudaLud_carolk402.log,0,_Z12lud_internalPdii, 73, 0, 2, 6535811, 1.941758, 0.047986
2016_09_05_21_56_13_cudaLud_carolk402.log,0,_Z12lud_internalPdii, 15, 0, 2, 35394537, 6.811471, 0.447264
2016_09_05_21_56_31_cudaLud_carolk402.log,0,_Z12lud_internalPdii, 25, 0, 2, 106661152, 5.595702, 0.684195
2016_09_05_21_57_31_cudaLud_carolk402.log,0,_Z12lud_internalPdii, 9, 0, 2, 46703279, 3.440736, 0.447346
2016_09_05_21_58_04_cudaLud_carolk402.log,0,_Z12lud_internalPdii, 13, 0, 2, 229310351, 14.284144, 0.734676
2016_09_05_21_58_48_cudaLud_carolk402.log,0,_Z12lud_internalPdii, 2, 0, 2, 163830147, 14.286196, 0.778017
2016_09_05_22_00_38_cudaLud_carolk402.log,0,_Z12lud_internalPdii, 17, 0, 2, 280739333, 1.768369, 0.603034
2016_09_05_22_00_59_cudaLud_carolk402.log,0,_Z12lud_internalPdii, 31, 0, 2, 177862128, 3.113760, 0.681655
2016_09_05_22_01_37_cudaLud_carolk402.log,0,_Z12lud_internalPdii, 32, 0, 2, 205067384, 17.790182, 0.018067
2016_09_05_22_02_40_cudaLud_carolk402.log,0,_Z12lud_internalPdii, 10, 0, 2, 214475315, 13.704005, 0.792764
2016_09_05_22_03_18_cudaLud_carolk402.log,0,_Z12lud_internalPdii, 11, 0, 2, 163066714, 12.481519, 0.095292
2016_09_05_22_04_02_cudaLud_carolk402.log,0,_Z12lud_internalPdii, 7, 0, 2, 43927619, 13.566546, 0.868886
2016_09_05_22_04_37_cudaLud_carolk402.log,0,_Z12lud_internalPdii, 42, 0, 2, 62492659, 0.770164, 0.489543
2016_09_05_22_04_58_cudaLud_carolk402.log,0,_Z12lud_internalPdii, 72, 0, 2, 68266210, 20.796625, 0.557081
2016_09_05_22_05_32_cudaLud_carolk402.log,0,_Z12lud_internalPdii, 10, 0, 2, 184515792, 12.733191, 0.330717
2016_09_05_22_06_29_cudaLud_carolk402.log,0,_Z12lud_internalPdii, 54, 0, 2, 78931285, 3.176351, 0.294093
2016_09_05_22_07_30_cudaLud_carolk402.log,0,_Z12lud_internalPdii, 60, 0, 2, 97234571, 5.637473, 0.521198
2016_09_05_22_07_47_cudaLud_carolk402.log,0,_Z12lud_internalPdii, 48, 0, 2, 6259008, 0.989040, 0.984148
2016_09_05_22_08_47_cudaLud_carolk402.log,0,_Z12lud_internalPdii, 78, 0, 2, 41961991, 15.474858, 0.160050
2016_09_05_22_09_36_cudaLud_carolk402.log,0,_Z12lud_internalPdii, 39, 0, 2, 163221488, 3.450098, 0.791552
2016_09_05_22_10_27_cudaLud_carolk402.log,0,_Z12lud_internalPdii, 12, 0, 2, 261911242, 7.058458, 0.247735
2016_09_05_22_12_14_cudaLud_carolk402.log,0,_Z12lud_internalPdii, 39, 0, 2, 107264174, 2.841051, 0.700808
2016_09_05_22_12_38_cudaLud_carolk402.log,0,_Z12lud_internalPdii, 32, 0, 2, 115837702, 3.227293, 0.830607
2016_09_05_22_12_59_cudaLud_carolk402.log,0,_Z12lud_internalPdii, 21, 0, 2, 11016080, 12.997828, 0.139720
2016_09_05_22_13_17_cudaLud_carolk402.log,0,_Z12lud_internalPdii, 6, 0, 2, 97360788, 1.879479, 0.538766
2016_09_05_22_14_06_cudaLud_carolk402.log,0,_Z12lud_internalPdii, 32, 0, 2, 9124811, 17.137585, 0.040660
2016_09_05_22_14_24_cudaLud_carolk402.log,0,_Z12lud_internalPdii, 55, 0, 2, 816069, 13.061512, 0.687925
2016_09_05_22_14_41_cudaLud_carolk402.log,0,_Z12lud_internalPdii, 17, 0, 2, 91640258, 11.056634, 0.366554
2016_09_05_22_15_10_cudaLud_carolk402.log,0,_Z12lud_internalPdii, 9, 0, 2, 15481233, 3.261357, 0.615644
2016_09_05_22_15_28_cudaLud_carolk402.log,0,_Z12lud_internalPdii, 6, 0, 2, 297274353, 15.831347, 0.336409
2016_09_05_22_16_21_cudaLud_carolk402.log,0,_Z12lud_internalPdii, 10, 0, 2, 216730246, 0.919771, 0.653053
2016_09_05_22_17_19_cudaLud_carolk402.log,0,_Z12lud_internalPdii, 50, 0, 2, 16822604, 1.042459, 0.876090
2016_09_05_22_17_48_cudaLud_carolk402.log,0,_Z12lud_internalPdii, 27, 0, 2, 35062581, 1.158075, 0.810933
2016_09_05_22_19_13_cudaLud_carolk402.log,0,_Z12lud_internalPdii, 72, 0, 2, 4900497, 14.351700, 0.047037
2016_09_05_22_19_33_cudaLud_carolk402.log,0,_Z12lud_internalPdii, 31, 0, 2, 89148629, 7.312188, 0.526037
2016_09_05_22_20_17_cudaLud_carolk402.log,0,_Z12lud_internalPdii, 87, 0, 2, 4497977, 20.636414, 0.488668
2016_09_05_22_20_35_cudaLud_carolk402.log,0,_Z12lud_internalPdii, 30, 0, 2, 113168776, 6.811200, 0.192448
2016_09_05_22_22_10_cudaLud_carolk402.log,0,_Z12lud_internalPdii, 26, 0, 2, 185382363, 3.011256, 0.748281
2016_09_05_22_22_45_cudaLud_carolk402.log,0,_Z12lud_internalPdii, 58, 0, 2, 77771008, 1.269614, 0.311050
2016_09_05_22_23_27_cudaLud_carolk402.log,0,_Z12lud_internalPdii, 0, 0, 2, 308713725, 1.707927, 0.995393
2016_09_05_22_24_56_cudaLud_carolk402.log,0,_Z12lud_internalPdii, 18, 0, 2, 24746233, 11.011045, 0.918792
2016_09_05_22_25_14_cudaLud_carolk402.log,0,_Z12lud_internalPdii, 49, 0, 2, 62529886, 4.681782, 0.100236
2016_09_05_22_25_47_cudaLud_carolk402.log,0,_Z12lud_internalPdii, 16, 0, 2, 61880338, 6.370975, 0.940449
2016_09_05_22_26_05_cudaLud_carolk402.log,0,_Z12lud_internalPdii, 4, 0, 2, 60633104, 0.023112, 0.939020
2016_09_05_22_26_35_cudaLud_carolk402.log,0,_Z12lud_internalPdii, 16, 0, 2, 275572916, 3.876319, 0.764205
2016_09_05_22_26_52_cudaLud_carolk402.log,0,_Z12lud_internalPdii, 26, 0, 2, 21218011, 0.971481, 0.483063
2016_09_05_22_28_09_cudaLud_carolk402.log,0,_Z12lud_internalPdii, 52, 0, 2, 127091847, 1.689877, 0.137267
2016_09_05_22_29_06_cudaLud_carolk402.log,0,_Z12lud_internalPdii, 91, 0, 2, 27162437, 12.010221, 0.387152
2016_09_05_22_30_02_cudaLud_carolk402.log,0,_Z12lud_internalPdii, 80, 0, 2, 13523573, 20.178272, 0.437908
2016_09_05_22_31_43_cudaLud_carolk402.log,0,_Z12lud_internalPdii, 12, 0, 2, 193427508, 19.787523, 0.663381
2016_09_05_22_32_01_cudaLud_carolk402.log,0,_Z12lud_internalPdii, 31, 0, 2, 54249441, 1.145131, 0.602590
2016_09_05_22_32_49_cudaLud_carolk402.log,0,_Z12lud_internalPdii, 49, 0, 2, 104241885, 14.120521, 0.450036
2016_09_05_22_33_29_cudaLud_carolk402.log,0,_Z12lud_internalPdii, 9, 0, 2, 99721398, 20.894802, 0.365612
2016_09_05_22_33_52_cudaLud_carolk402.log,0,_Z12lud_internalPdii, 7, 0, 2, 247879182, 14.746627, 0.195385
2016_09_05_22_34_35_cudaLud_carolk402.log,0,_Z12lud_internalPdii, 13, 0, 2, 15415641, 2.121590, 0.846244
2016_09_05_22_35_00_cudaLud_carolk402.log,0,_Z13lud_perimeterPdii, 8, 0, 2, 789603, 34.125389, 0.793645
2016_09_05_22_35_21_cudaLud_carolk402.log,0,_Z12lud_internalPdii, 28, 0, 2, 194207747, 0.423412, 0.535895
2016_09_05_22_35_56_cudaLud_carolk402.log,0,_Z12lud_internalPdii, 33, 0, 2, 185307338, 13.091817, 0.147491
2016_09_05_22_36_44_cudaLud_carolk402.log,0,_Z12lud_internalPdii, 68, 0, 2, 2122255, 12.802960, 0.460161
2016_09_05_22_37_50_cudaLud_carolk402.log,0,_Z12lud_internalPdii, 38, 0, 2, 3970699, 2.325927, 0.384829
2016_09_05_22_38_08_cudaLud_carolk402.log,0,_Z12lud_internalPdii, 65, 0, 2, 4575506, 14.461484, 0.385952
2016_09_05_22_38_37_cudaLud_carolk402.log,0,_Z12lud_internalPdii, 4, 0, 2, 103160544, 14.523122, 0.556203
2016_09_05_22_38_55_cudaLud_carolk402.log,0,_Z12lud_internalPdii, 66, 0, 2, 38628024, 1.755485, 0.962140
2016_09_05_22_40_01_cudaLud_carolk402.log,0,_Z12lud_internalPdii, 47, 0, 2, 138292273, 14.812925, 0.353493
2016_09_05_22_41_00_cudaLud_carolk402.log,0,_Z12lud_internalPdii, 18, 0, 2, 37731649, 0.745417, 0.329680
2016_09_05_22_41_58_cudaLud_carolk402.log,0,_Z12lud_internalPdii, 47, 0, 0, 107370320, 8.901337, 0.247647
2016_09_05_22_43_00_cudaLud_carolk402.log,0,_Z13lud_perimeterPdii, 72, 0, 0, 1214620, 7.690838, 0.575021
2016_09_05_22_43_17_cudaLud_carolk402.log,0,_Z12lud_internalPdii, 40, 0, 0, 51532004, 3.597546, 0.105327
2016_09_05_22_44_34_cudaLud_carolk402.log,0,_Z12lud_internalPdii, 1, 0, 0, 354564508, 15.005155, 0.222297
2016_09_05_22_45_19_cudaLud_carolk402.log,0,_Z12lud_internalPdii, 12, 0, 0, 191990020, 6.570994, 0.843591
2016_09_05_22_45_42_cudaLud_carolk402.log,0,_Z12lud_internalPdii, 28, 0, 0, 26345358, 1.549519, 0.146317
2016_09_05_22_46_00_cudaLud_carolk402.log,0,_Z12lud_internalPdii, 67, 0, 0, 11074380, 5.241574, 0.218600
2016_09_05_22_46_25_cudaLud_carolk402.log,0,_Z12lud_internalPdii, 52, 0, 0, 41826101, 20.581825, 0.725269
2016_09_05_22_46_52_cudaLud_carolk402.log,0,_Z12lud_internalPdii, 7, 0, 0, 321659625, 4.147541, 0.484678
2016_09_05_22_47_10_cudaLud_carolk402.log,0,_Z12lud_internalPdii, 7, 0, 0, 158243994, 5.640858, 0.162842
2016_09_05_22_47_34_cudaLud_carolk402.log,0,_Z12lud_internalPdii, 8, 0, 0, 142059474, 0.370003, 0.203461
2016_09_05_22_48_04_cudaLud_carolk402.log,0,_Z12lud_internalPdii, 1, 0, 0, 85943171, 1.435875, 0.974226
2016_09_05_22_48_22_cudaLud_carolk402.log,0,_Z12lud_internalPdii, 29, 0, 0, 123709290, 2.099298, 0.008276
2016_09_05_22_49_09_cudaLud_carolk402.log,0,_Z12lud_internalPdii, 30, 0, 0, 10428049, 4.117466, 0.726322
2016_09_05_22_49_27_cudaLud_carolk402.log,0,_Z12lud_internalPdii, 24, 0, 0, 158795279, 7.503196, 0.390335
2016_09_05_22_49_45_cudaLud_carolk402.log,0,_Z12lud_internalPdii, 36, 0, 0, 93994040, 9.445092, 0.294746
2016_09_05_22_50_03_cudaLud_carolk402.log,0,_Z12lud_internalPdii, 5, 0, 0, 212650495, 14.292572, 0.728703
2016_09_05_22_50_59_cudaLud_carolk402.log,0,_Z12lud_internalPdii, 21, 0, 0, 34777815, 15.581190, 0.227520
2016_09_05_22_51_17_cudaLud_carolk402.log,0,_Z12lud_internalPdii, 8, 0, 0, 190243915, 17.842281, 0.015280
2016_09_05_22_52_10_cudaLud_carolk402.log,0,_Z12lud_internalPdii, 16, 0, 0, 138139326, 5.657176, 0.640218
2016_09_05_22_53_07_cudaLud_carolk402.log,0,_Z12lud_internalPdii, 23, 0, 0, 66255929, 2.250263, 0.375938
2016_09_05_22_54_16_cudaLud_carolk402.log,0,_Z12lud_internalPdii, 81, 0, 0, 27569942, 16.570993, 0.095566
2016_09_05_22_54_38_cudaLud_carolk402.log,0,_Z12lud_internalPdii, 25, 0, 0, 229125849, 6.506924, 0.805475
2016_09_05_22_55_04_cudaLud_carolk402.log,0,_Z12lud_internalPdii, 77, 0, 0, 58071844, 0.811167, 0.194380
2016_09_05_22_55_30_cudaLud_carolk402.log,0,_Z12lud_internalPdii, 9, 0, 0, 185835844, 0.958208, 0.622664
2016_09_05_22_56_23_cudaLud_carolk402.log,0,_Z12lud_internalPdii, 95, 0, 0, 5270858, 4.512210, 0.918125
2016_09_05_22_57_10_cudaLud_carolk402.log,0,_Z12lud_internalPdii, 43, 0, 0, 62293336, 1.676054, 0.915223
2016_09_05_22_57_28_cudaLud_carolk402.log,0,_Z12lud_internalPdii, 107, 0, 0, 4748083, 12.220622, 0.660841
2016_09_05_22_58_26_cudaLud_carolk402.log,0,_Z12lud_internalPdii, 25, 0, 0, 182889852, 14.212220, 0.186327
2016_09_05_22_58_58_cudaLud_carolk402.log,0,_Z12lud_internalPdii, 67, 0, 0, 61759184, 0.885728, 0.956599
2016_09_05_22_59_34_cudaLud_carolk402.log,0,_Z12lud_internalPdii, 5, 0, 0, 208441827, 10.070802, 0.914362
2016_09_05_22_59_52_cudaLud_carolk402.log,0,_Z12lud_internalPdii, 19, 0, 0, 13963809, 1.680452, 0.885431
2016_09_05_23_00_17_cudaLud_carolk402.log,0,_Z12lud_internalPdii, 53, 0, 0, 113012984, 0.653532, 0.767030
2016_09_05_23_01_11_cudaLud_carolk402.log,0,_Z12lud_internalPdii, 45, 0, 0, 74094735, 5.109151, 0.689030
2016_09_05_23_02_22_cudaLud_carolk402.log,0,_Z12lud_internalPdii, 5, 0, 0, 132857892, 10.176477, 0.310140
2016_09_05_23_03_05_cudaLud_carolk402.log,0,_Z12lud_internalPdii, 7, 0, 0, 168556938, 20.200029, 0.450566
2016_09_05_23_03_46_cudaLud_carolk402.log,0,_Z12lud_internalPdii, 23, 0, 0, 144390697, 4.221812, 0.261684
2016_09_05_23_04_21_cudaLud_carolk402.log,0,_Z12lud_internalPdii, 41, 0, 0, 43533125, 2.459392, 0.003033
2016_09_05_23_04_39_cudaLud_carolk402.log,0,_Z12lud_internalPdii, 56, 0, 0, 87686928, 6.675217, 0.665420
2016_09_05_23_05_03_cudaLud_carolk402.log,0,_Z12lud_internalPdii, 72, 0, 0, 7001715, 7.581374, 0.400422
2016_09_05_23_05_30_cudaLud_carolk402.log,0,_Z12lud_internalPdii, 13, 0, 0, 194036009, 4.759357, 0.923509
2016_09_05_23_07_25_cudaLud_carolk402.log,0,_Z12lud_internalPdii, 34, 0, 0, 36058866, 2.494287, 0.493588
2016_09_05_23_07_49_cudaLud_carolk402.log,0,_Z12lud_internalPdii, 34, 0, 0, 57396872, 11.891425, 0.257910
2016_09_05_23_08_51_cudaLud_carolk402.log,0,_Z12lud_internalPdii, 48, 0, 0, 92374375, 5.386906, 0.668535
2016_09_05_23_09_09_cudaLud_carolk402.log,0,_Z12lud_internalPdii, 59, 0, 0, 76208273, 5.472705, 0.789126
2016_09_05_23_09_57_cudaLud_carolk402.log,0,_Z12lud_internalPdii, 22, 0, 0, 210313269, 20.760279, 0.461311
2016_09_05_23_10_36_cudaLud_carolk402.log,0,_Z12lud_internalPdii, 5, 0, 0, 257570147, 3.566379, 0.888978
2016_09_05_23_11_08_cudaLud_carolk402.log,0,_Z12lud_internalPdii, 13, 0, 0, 129876443, 4.584633, 0.155690
2016_09_05_23_11_26_cudaLud_carolk402.log,0,_Z12lud_internalPdii, 73, 0, 0, 13382438, 13.597476, 0.775705
2016_09_05_23_12_05_cudaLud_carolk402.log,0,_Z12lud_internalPdii, 35, 0, 0, 82445488, 0.730526, 0.261438
2016_09_05_23_12_46_cudaLud_carolk402.log,0,_Z12lud_internalPdii, 39, 0, 0, 100358428, 13.453611, 0.279444
2016_09_05_23_13_04_cudaLud_carolk402.log,0,_Z12lud_internalPdii, 46, 0, 0, 26772821, 14.978608, 0.201783
2016_09_05_23_13_26_cudaLud_carolk402.log,0,_Z12lud_internalPdii, 21, 0, 0, 234926492, 11.288920, 0.401113
2016_09_05_23_13_43_cudaLud_carolk402.log,0,_Z12lud_internalPdii, 4, 0, 0, 46805160, 9.486089, 0.311095
2016_09_05_23_14_44_cudaLud_carolk402.log,0,_Z12lud_internalPdii, 32, 0, 0, 87668413, 0.257985, 0.278662
2016_09_05_23_15_02_cudaLud_carolk402.log,0,_Z12lud_internalPdii, 6, 0, 0, 81783907, 15.190746, 0.998466
2016_09_05_23_15_29_cudaLud_carolk402.log,0,_Z12lud_internalPdii, 10, 0, 0, 27473952, 20.061022, 0.279625
2016_09_05_23_15_47_cudaLud_carolk402.log,0,_Z12lud_internalPdii, 44, 0, 0, 108442840, 0.395883, 0.304457
2016_09_05_23_18_09_cudaLud_carolk402.log,0,_Z12lud_internalPdii, 4, 0, 0, 258279412, 17.192682, 0.351629
2016_09_05_23_18_43_cudaLud_carolk402.log,0,_Z12lud_internalPdii, 16, 0, 0, 34645652, 14.401133, 0.535888
2016_09_05_23_19_29_cudaLud_carolk402.log,0,_Z12lud_internalPdii, 58, 0, 0, 102426006, 7.079044, 0.932113
2016_09_05_23_19_47_cudaLud_carolk402.log,0,_Z12lud_internalPdii, 56, 0, 0, 77874063, 16.883457, 0.306499
2016_09_05_23_20_05_cudaLud_carolk402.log,0,_Z12lud_internalPdii, 35, 0, 0, 22974596, 1.706543, 0.474632
2016_09_05_23_21_10_cudaLud_carolk402.log,0,_Z12lud_internalPdii, 25, 0, 0, 144445586, 11.477942, 0.472439
2016_09_05_23_22_08_cudaLud_carolk402.log,0,_Z12lud_internalPdii, 26, 0, 0, 48994030, 13.025896, 0.414403
2016_09_05_23_22_30_cudaLud_carolk402.log,0,_Z12lud_internalPdii, 3, 0, 0, 251595162, 2.064324, 0.138385
2016_09_05_23_23_14_cudaLud_carolk402.log,0,_Z12lud_internalPdii, 47, 0, 0, 54771922, 20.391796, 0.411739
2016_09_05_23_24_03_cudaLud_carolk402.log,0,_Z12lud_internalPdii, 6, 0, 0, 305500715, 1.632931, 0.406827
2016_09_05_23_24_42_cudaLud_carolk402.log,0,_Z12lud_internalPdii, 26, 0, 0, 26415617, 14.311049, 0.869897
2016_09_05_23_25_21_cudaLud_carolk402.log,0,_Z12lud_internalPdii, 105, 0, 0, 5122617, 1.907206, 0.848085
2016_09_05_23_25_59_cudaLud_carolk402.log,0,_Z12lud_internalPdii, 102, 0, 0, 9129476, 1.552084, 0.972384
2016_09_05_23_26_51_cudaLud_carolk402.log,0,_Z12lud_internalPdii, 34, 0, 0, 128724820, 3.100810, 0.246935
2016_09_05_23_27_28_cudaLud_carolk402.log,0,_Z12lud_internalPdii, 0, 0, 0, 263318155, 0.877262, 0.466293
2016_09_05_23_27_46_cudaLud_carolk402.log,0,_Z12lud_internalPdii, 45, 0, 0, 123664611, 9.234653, 0.197653
2016_09_05_23_28_18_cudaLud_carolk402.log,0,_Z12lud_internalPdii, 39, 0, 0, 102044529, 1.556150, 0.174387
2016_09_05_23_28_36_cudaLud_carolk402.log,0,_Z12lud_internalPdii, 26, 0, 0, 18611633, 9.075437, 0.844490
2016_09_05_23_29_31_cudaLud_carolk402.log,0,_Z12lud_internalPdii, 10, 0, 0, 99110677, 1.922780, 0.193392
2016_09_05_23_29_49_cudaLud_carolk402.log,0,_Z12lud_internalPdii, 39, 0, 0, 142205558, 16.379410, 0.062732
2016_09_05_23_30_31_cudaLud_carolk402.log,0,_Z12lud_internalPdii, 2, 0, 0, 73178116, 4.828132, 0.160194
2016_09_05_23_30_49_cudaLud_carolk402.log,0,_Z12lud_internalPdii, 25, 0, 0, 5210709, 0.777130, 0.394474
2016_09_05_23_31_07_cudaLud_carolk402.log,0,_Z12lud_internalPdii, 75, 0, 0, 1250719, 0.117854, 0.405876
2016_09_05_23_31_24_cudaLud_carolk402.log,0,_Z12lud_internalPdii, 40, 0, 0, 4891292, 4.242920, 0.858491
2016_09_05_23_31_42_cudaLud_carolk402.log,0,_Z12lud_internalPdii, 35, 0, 0, 28944791, 9.985599, 0.275181
2016_09_05_23_33_03_cudaLud_carolk402.log,0,_Z12lud_internalPdii, 59, 0, 0, 52919206, 1.615786, 0.170455
2016_09_05_23_33_27_cudaLud_carolk402.log,0,_Z12lud_internalPdii, 19, 0, 0, 251376325, 11.186265, 0.523943
2016_09_05_23_34_32_cudaLud_carolk402.log,0,_Z12lud_internalPdii, 83, 0, 0, 18437985, 20.028360, 0.618505
2016_09_05_23_35_15_cudaLud_carolk402.log,0,_Z12lud_internalPdii, 67, 0, 0, 62975327, 5.911071, 0.863699
2016_09_05_23_35_33_cudaLud_carolk402.log,0,_Z12lud_internalPdii, 6, 0, 0, 266351374, 20.280804, 0.150073
2016_09_05_23_35_51_cudaLud_carolk402.log,0,_Z12lud_internalPdii, 80, 0, 0, 26144277, 0.954493, 0.127176
2016_09_05_23_36_08_cudaLud_carolk402.log,0,_Z12lud_internalPdii, 84, 0, 0, 6834870, 0.765256, 0.600802
2016_09_05_23_38_01_cudaLud_carolk402.log,0,_Z12lud_internalPdii, 59, 0, 0, 41797063, 1.229582, 0.124554
2016_09_05_23_38_26_cudaLud_carolk402.log,0,_Z12lud_internalPdii, 84, 0, 0, 15879476, 0.832296, 0.610567
2016_09_05_23_38_43_cudaLud_carolk402.log,0,_Z12lud_internalPdii, 3, 0, 0, 17753829, 4.258226, 0.930861
2016_09_05_23_39_01_cudaLud_carolk402.log,0,_Z12lud_internalPdii, 46, 0, 0, 58402531, 14.311830, 0.643457
2016_09_05_23_39_19_cudaLud_carolk402.log,0,_Z12lud_internalPdii, 42, 0, 0, 124484863, 11.962835, 0.603055
2016_09_05_23_39_37_cudaLud_carolk402.log,0,_Z12lud_internalPdii, 34, 0, 0, 90336524, 2.436264, 0.195774
2016_09_05_23_40_35_cudaLud_carolk402.log,0,_Z12lud_internalPdii, 38, 0, 0, 166948225, 17.344881, 0.214586
2016_09_05_23_41_00_cudaLud_carolk402.log,0,_Z12lud_internalPdii, 28, 0, 0, 200668887, 1.069247, 0.204577
2016_09_05_23_41_58_cudaLud_carolk402.log,0,_Z12lud_internalPdii, 25, 0, 0, 231093705, 8.939953, 0.465499
2016_09_05_23_42_47_cudaLud_carolk402.log,0,_Z12lud_internalPdii, 35, 0, 0, 129135276, 7.836713, 0.939449
2016_09_05_23_43_22_cudaLud_carolk402.log,0,_Z12lud_internalPdii, 47, 0, 0, 129896609, 20.578665, 0.714570
2016_09_05_23_43_59_cudaLud_carolk402.log,0,_Z12lud_internalPdii, 20, 0, 0, 77283685, 4.626918, 0.039127
2016_09_05_23_44_17_cudaLud_carolk402.log,0,_Z12lud_internalPdii, 44, 0, 0, 149292562, 1.456018, 0.616462
2016_09_05_23_44_34_cudaLud_carolk402.log,0,_Z12lud_internalPdii, 60, 0, 0, 87315862, 14.493112, 0.453753
2016_09_05_23_45_37_cudaLud_carolk402.log,0,_Z12lud_internalPdii, 2, 0, 0, 65854947, 2.057204, 0.342497
2016_09_05_23_46_08_cudaLud_carolk402.log,0,_Z12lud_internalPdii, 34, 0, 0, 136078713, 1.197780, 0.859689
2016_09_05_23_46_26_cudaLud_carolk402.log,0,_Z12lud_internalPdii, 98, 0, 0, 15012488, 1.430205, 0.608496
2016_09_05_23_47_36_cudaLud_carolk402.log,0,_Z12lud_internalPdii, 27, 0, 0, 142210281, 4.546891, 0.551689
2016_09_05_23_48_27_cudaLud_carolk402.log,0,_Z12lud_internalPdii, 57, 0, 0, 48870427, 17.070364, 0.425756
2016_09_05_23_49_05_cudaLud_carolk402.log,0,_Z12lud_internalPdii, 23, 0, 0, 164949628, 15.162310, 0.704107
2016_09_05_23_49_50_cudaLud_carolk402.log,0,_Z12lud_internalPdii, 8, 0, 0, 166302163, 1.650857, 0.514016
2016_09_05_23_50_17_cudaLud_carolk402.log,0,_Z12lud_internalPdii, 7, 0, 0, 233761182, 19.426580, 0.694773
2016_09_05_23_50_35_cudaLud_carolk402.log,0,_Z12lud_internalPdii, 6, 0, 0, 310991079, 8.838082, 0.683405
2016_09_05_23_50_52_cudaLud_carolk402.log,0,_Z12lud_internalPdii, 35, 0, 0, 44654139, 2.654817, 0.163020
2016_09_05_23_51_10_cudaLud_carolk402.log,0,_Z12lud_internalPdii, 46, 0, 0, 918837, 4.473365, 0.321901
2016_09_05_23_51_28_cudaLud_carolk402.log,0,_Z12lud_internalPdii, 29, 0, 0, 216330096, 1.039874, 0.279520
2016_09_05_23_54_06_cudaLud_carolk402.log,0,_Z12lud_internalPdii, 22, 0, 0, 228790343, 1.190171, 0.187882
2016_09_05_23_54_57_cudaLud_carolk402.log,0,_Z12lud_internalPdii, 19, 0, 0, 57627238, 20.299511, 0.135361
2016_09_05_23_55_15_cudaLud_carolk402.log,0,_Z12lud_internalPdii, 79, 0, 0, 38887370, 20.760929, 0.750245
2016_09_05_23_55_37_cudaLud_carolk402.log,0,_Z12lud_internalPdii, 18, 0, 0, 97926553, 20.615599, 0.477996
2016_09_05_23_55_55_cudaLud_carolk402.log,0,_Z12lud_internalPdii, 87, 0, 0, 20063238, 11.988874, 0.024888
2016_09_05_23_56_27_cudaLud_carolk402.log,0,_Z12lud_internalPdii, 1, 0, 0, 194239291, 20.411757, 0.550036
2016_09_05_23_56_45_cudaLud_carolk402.log,0,_Z12lud_internalPdii, 10, 0, 0, 314689854, 15.437514, 0.331133
2016_09_05_23_57_22_cudaLud_carolk402.log,0,_Z12lud_internalPdii, 22, 0, 0, 117766091, 1.986143, 0.134316
2016_09_05_23_57_47_cudaLud_carolk402.log,0,_Z12lud_internalPdii, 24, 0, 0, 209286621, 4.520003, 0.363295
2016_09_05_23_58_05_cudaLud_carolk402.log,0,_Z12lud_internalPdii, 29, 0, 0, 116251541, 10.403427, 0.184660
2016_09_05_23_58_23_cudaLud_carolk402.log,0,_Z12lud_internalPdii, 41, 0, 0, 168384113, 6.534978, 0.937347
2016_09_05_23_58_41_cudaLud_carolk402.log,0,_Z12lud_internalPdii, 23, 0, 0, 220849457, 14.461583, 0.148399
2016_09_05_23_59_45_cudaLud_carolk402.log,0,_Z12lud_internalPdii, 42, 0, 0, 45942949, 17.064247, 0.438251
2016_09_06_00_00_03_cudaLud_carolk402.log,0,_Z12lud_internalPdii, 39, 0, 0, 90505257, 0.657207, 0.513549
2016_09_06_00_00_51_cudaLud_carolk402.log,0,_Z12lud_internalPdii, 0, 0, 0, 144535673, 16.213940, 0.557668
2016_09_06_00_01_09_cudaLud_carolk402.log,0,_Z12lud_internalPdii, 11, 0, 0, 105629475, 0.587651, 0.739569
2016_09_06_00_01_26_cudaLud_carolk402.log,0,_Z12lud_internalPdii, 10, 0, 0, 220020378, 17.207966, 0.463085
2016_09_06_00_02_22_cudaLud_carolk402.log,0,_Z12lud_internalPdii, 49, 0, 0, 90116113, 20.851894, 0.531336
2016_09_06_00_03_26_cudaLud_carolk402.log,0,_Z12lud_internalPdii, 14, 0, 0, 64553934, 3.467026, 0.184711
2016_09_06_00_04_02_cudaLud_carolk402.log,0,_Z12lud_internalPdii, 16, 0, 0, 262374753, 1.145346, 0.097961
2016_09_06_00_04_20_cudaLud_carolk402.log,0,_Z12lud_internalPdii, 7, 0, 0, 80634850, 16.483625, 0.191214
2016_09_06_00_04_55_cudaLud_carolk402.log,0,_Z12lud_internalPdii, 5, 0, 0, 28502905, 4.036104, 0.391785
2016_09_06_00_06_08_cudaLud_carolk402.log,0,_Z12lud_internalPdii, 36, 0, 0, 111183405, 20.199524, 0.991168
2016_09_06_00_06_43_cudaLud_carolk402.log,0,_Z12lud_internalPdii, 53, 0, 0, 92174717, 20.294731, 0.619089
2016_09_06_00_07_11_cudaLud_carolk402.log,0,_Z12lud_internalPdii, 22, 0, 0, 23834308, 0.895833, 0.087043
2016_09_06_00_07_29_cudaLud_carolk402.log,0,_Z12lud_internalPdii, 15, 0, 0, 269297570, 17.376785, 0.485647
2016_09_06_00_08_02_cudaLud_carolk402.log,0,_Z12lud_internalPdii, 41, 0, 0, 137210876, 5.474677, 0.762766
2016_09_06_00_08_25_cudaLud_carolk402.log,0,_Z12lud_internalPdii, 17, 0, 0, 58864725, 8.625617, 0.622386
2016_09_06_00_08_45_cudaLud_carolk402.log,0,_Z12lud_internalPdii, 8, 0, 0, 263398680, 5.293853, 0.471859
2016_09_06_00_09_03_cudaLud_carolk402.log,0,_Z12lud_internalPdii, 15, 0, 0, 239205400, 16.536308, 0.092000
2016_09_06_00_09_21_cudaLud_carolk402.log,0,_Z12lud_internalPdii, 45, 0, 0, 76051158, 17.216696, 0.291605
2016_09_06_00_09_39_cudaLud_carolk402.log,0,_Z12lud_internalPdii, 37, 0, 0, 174472839, 16.907137, 0.171339
2016_09_06_00_09_57_cudaLud_carolk402.log,0,_Z12lud_internalPdii, 77, 0, 0, 49116580, 5.750999, 0.343097
2016_09_06_00_10_45_cudaLud_carolk402.log,0,_Z12lud_internalPdii, 10, 0, 0, 166835003, 1.098979, 0.423365
2016_09_06_00_11_03_cudaLud_carolk402.log,0,_Z12lud_internalPdii, 48, 0, 0, 124773756, 9.252707, 0.372372
2016_09_06_00_11_24_cudaLud_carolk402.log,0,_Z12lud_internalPdii, 17, 0, 0, 63229086, 14.347124, 0.407571
2016_09_06_00_12_11_cudaLud_carolk402.log,0,_Z12lud_internalPdii, 47, 0, 0, 61464411, 0.305270, 0.394960
2016_09_06_00_13_42_cudaLud_carolk402.log,0,_Z12lud_internalPdii, 30, 0, 0, 7180781, 20.998514, 0.798996
2016_09_06_00_14_00_cudaLud_carolk402.log,0,_Z12lud_internalPdii, 8, 0, 0, 58854482, 1.221367, 0.862823
2016_09_06_00_14_18_cudaLud_carolk402.log,0,_Z12lud_internalPdii, 6, 0, 0, 70887051, 1.160265, 0.952519
2016_09_06_00_14_36_cudaLud_carolk402.log,0,_Z12lud_internalPdii, 19, 0, 0, 118501917, 20.508493, 0.631849
2016_09_06_00_14_54_cudaLud_carolk402.log,0,_Z12lud_internalPdii, 68, 0, 0, 30133120, 4.246851, 0.105490
2016_09_06_00_15_13_cudaLud_carolk402.log,0,_Z12lud_internalPdii, 11, 0, 0, 164397374, 15.316312, 0.427442
2016_09_06_00_15_31_cudaLud_carolk402.log,0,_Z12lud_internalPdii, 104, 0, 0, 8099637, 3.488783, 0.139121
2016_09_06_00_16_03_cudaLud_carolk402.log,0,_Z12lud_internalPdii, 65, 0, 0, 7169174, 14.918755, 0.690394
2016_09_06_00_16_21_cudaLud_carolk402.log,0,_Z12lud_internalPdii, 75, 0, 0, 37852682, 2.448289, 0.371769
2016_09_06_00_16_38_cudaLud_carolk402.log,0,_Z12lud_internalPdii, 1, 0, 0, 108589859, 1.724468, 0.862183
2016_09_06_00_17_30_cudaLud_carolk402.log,0,_Z12lud_internalPdii, 98, 0, 0, 7237363, 14.861455, 0.517262
2016_09_06_00_18_17_cudaLud_carolk402.log,0,_Z12lud_internalPdii, 46, 0, 0, 95086133, 0.883956, 0.538301
2016_09_06_00_18_44_cudaLud_carolk402.log,0,_Z12lud_internalPdii, 46, 0, 0, 13379051, 16.408405, 0.496220
2016_09_06_00_19_48_cudaLud_carolk402.log,0,_Z12lud_internalPdii, 115, 0, 0, 3233427, 4.506794, 0.073903
2016_09_06_00_20_10_cudaLud_carolk402.log,0,_Z12lud_internalPdii, 38, 0, 0, 177660144, 1.810043, 0.584947
2016_09_06_00_21_08_cudaLud_carolk402.log,0,_Z12lud_internalPdii, 58, 0, 0, 10688760, 5.548085, 0.049413
2016_09_06_00_21_50_cudaLud_carolk402.log,0,_Z12lud_internalPdii, 40, 0, 0, 113044425, 16.683628, 0.081473
2016_09_06_00_22_22_cudaLud_carolk402.log,0,_Z12lud_internalPdii, 41, 0, 0, 120861848, 1.601431, 0.576075
2016_09_06_00_24_04_cudaLud_carolk402.log,0,_Z12lud_internalPdii, 34, 0, 0, 85332017, 17.700964, 0.458354
2016_09_06_00_24_22_cudaLud_carolk402.log,0,_Z12lud_internalPdii, 76, 0, 0, 1743036, 12.154200, 0.406747
2016_09_06_00_24_39_cudaLud_carolk402.log,0,_Z12lud_internalPdii, 33, 0, 0, 111924410, 9.742023, 0.218256
2016_09_06_00_24_57_cudaLud_carolk402.log,0,_Z12lud_internalPdii, 42, 0, 0, 10928450, 0.910276, 0.217863
2016_09_06_00_25_15_cudaLud_carolk402.log,0,_Z12lud_internalPdii, 61, 0, 0, 29508281, 1.584734, 0.189816
2016_09_06_00_25_33_cudaLud_carolk402.log,0,_Z12lud_internalPdii, 54, 0, 0, 87989724, 15.522238, 0.835331
2016_09_06_00_26_51_cudaLud_carolk402.log,0,_Z12lud_internalPdii, 21, 0, 2, 256578956, 18.929510, 0.433048
2016_09_06_00_27_56_cudaLud_carolk402.log,0,_Z13lud_perimeterPdii, 15, 0, 2, 1597520, 1.724759, 0.071363
2016_09_06_00_29_01_cudaLud_carolk402.log,0,_Z12lud_internalPdii, 17, 0, 2, 228629130, 10.289748, 0.359337
2016_09_06_00_29_19_cudaLud_carolk402.log,0,_Z12lud_internalPdii, 12, 0, 2, 39330332, 1.501023, 0.812462
2016_09_06_00_31_23_cudaLud_carolk402.log,0,_Z12lud_internalPdii, 5, 0, 2, 18023325, 7.696406, 0.800931
2016_09_06_00_32_15_cudaLud_carolk402.log,0,_Z12lud_internalPdii, 7, 0, 2, 120757852, 1.688329, 0.400846
2016_09_06_00_32_47_cudaLud_carolk402.log,0,_Z12lud_internalPdii, 59, 0, 2, 100373691, 12.078427, 0.979062
2016_09_06_00_33_34_cudaLud_carolk402.log,0,_Z12lud_internalPdii, 51, 0, 2, 88482498, 1.816053, 0.865119
2016_09_06_00_33_52_cudaLud_carolk402.log,0,_Z12lud_internalPdii, 46, 0, 2, 50245871, 17.350964, 0.258633
2016_09_06_00_34_10_cudaLud_carolk402.log,0,_Z12lud_internalPdii, 29, 0, 2, 136901097, 6.793272, 0.093555
2016_09_06_00_35_10_cudaLud_carolk402.log,0,_Z12lud_internalPdii, 6, 0, 2, 229461601, 20.431705, 0.531841
2016_09_06_00_35_58_cudaLud_carolk402.log,0,_Z12lud_internalPdii, 30, 0, 2, 177510227, 3.762465, 0.369906
2016_09_06_00_36_16_cudaLud_carolk402.log,0,_Z13lud_perimeterPdii, 33, 0, 2, 3990341, 2.323247, 0.373616
2016_09_06_00_36_34_cudaLud_carolk402.log,0,_Z12lud_internalPdii, 83, 0, 2, 5115543, 1.426118, 0.458460
2016_09_06_00_38_16_cudaLud_carolk402.log,0,_Z12lud_internalPdii, 9, 0, 2, 201951938, 7.968678, 0.534168
2016_09_06_00_38_34_cudaLud_carolk402.log,0,_Z13lud_perimeterPdii, 50, 0, 2, 3301665, 7.096233, 0.807988
2016_09_06_00_39_19_cudaLud_carolk402.log,0,_Z12lud_internalPdii, 14, 0, 2, 72734669, 8.864170, 0.822263
2016_09_06_00_39_44_cudaLud_carolk402.log,0,_Z12lud_internalPdii, 43, 0, 2, 100667742, 1.973781, 0.043217
2016_09_06_00_41_54_cudaLud_carolk402.log,0,_Z12lud_internalPdii, 59, 0, 2, 107269366, 4.373618, 0.446950
2016_09_06_00_42_12_cudaLud_carolk402.log,0,_Z12lud_internalPdii, 10, 0, 2, 58589984, 20.625404, 0.201552
2016_09_06_00_42_54_cudaLud_carolk402.log,0,_Z12lud_internalPdii, 82, 0, 2, 20200226, 1.513432, 0.044923
2016_09_06_00_43_12_cudaLud_carolk402.log,0,_Z12lud_internalPdii, 36, 0, 2, 61158539, 13.804856, 0.379203
2016_09_06_00_43_30_cudaLud_carolk402.log,0,_Z12lud_internalPdii, 11, 0, 2, 40639200, 13.420856, 0.748104
2016_09_06_00_43_47_cudaLud_carolk402.log,0,_Z12lud_internalPdii, 41, 0, 2, 147868763, 8.826852, 0.364078
2016_09_06_00_44_05_cudaLud_carolk402.log,0,_Z12lud_internalPdii, 48, 0, 2, 21653266, 20.442823, 0.708924
2016_09_06_00_45_18_cudaLud_carolk402.log,0,_Z12lud_internalPdii, 35, 0, 2, 49952719, 11.757078, 0.680575
2016_09_06_00_46_02_cudaLud_carolk402.log,0,_Z12lud_internalPdii, 3, 0, 2, 176842334, 11.322855, 0.853383
2016_09_06_00_46_27_cudaLud_carolk402.log,0,_Z12lud_internalPdii, 10, 0, 2, 28399185, 0.502934, 0.443594
2016_09_06_00_46_55_cudaLud_carolk402.log,0,_Z12lud_internalPdii, 62, 0, 2, 64923345, 1.520828, 0.470685
2016_09_06_00_47_22_cudaLud_carolk402.log,0,_Z12lud_internalPdii, 28, 0, 2, 150194190, 1.681316, 0.057851
2016_09_06_00_48_21_cudaLud_carolk402.log,0,_Z12lud_internalPdii, 22, 0, 2, 204826139, 2.041096, 0.324931
2016_09_06_00_49_21_cudaLud_carolk402.log,0,_Z12lud_internalPdii, 83, 0, 2, 4404960, 7.232683, 0.780598
2016_09_06_00_50_11_cudaLud_carolk402.log,0,_Z12lud_internalPdii, 37, 0, 2, 78403290, 12.960655, 0.833915
2016_09_06_00_50_28_cudaLud_carolk402.log,0,_Z12lud_internalPdii, 9, 0, 2, 310988819, 14.750422, 0.877123
2016_09_06_00_50_46_cudaLud_carolk402.log,0,_Z12lud_internalPdii, 19, 0, 2, 172228413, 2.689361, 0.771990
2016_09_06_00_51_51_cudaLud_carolk402.log,0,_Z12lud_internalPdii, 18, 0, 2, 226693679, 10.339827, 0.244783
2016_09_06_00_52_24_cudaLud_carolk402.log,0,_Z12lud_internalPdii, 51, 0, 2, 32242564, 9.154792, 0.689227
2016_09_06_00_53_05_cudaLud_carolk402.log,0,_Z12lud_internalPdii, 42, 0, 2, 21502826, 0.898028, 0.925181
2016_09_06_00_53_23_cudaLud_carolk402.log,0,_Z12lud_internalPdii, 45, 0, 2, 99383884, 2.142773, 0.891866
2016_09_06_00_56_41_cudaLud_carolk402.log,0,_Z12lud_internalPdii, 74, 0, 2, 35668294, 6.979658, 0.158546
2016_09_06_00_57_12_cudaLud_carolk402.log,0,_Z12lud_internalPdii, 10, 0, 2, 220878954, 0.313936, 0.082982
2016_09_06_00_58_00_cudaLud_carolk402.log,0,_Z12lud_internalPdii, 83, 0, 2, 21090851, 1.880789, 0.403925
2016_09_06_00_58_23_cudaLud_carolk402.log,0,_Z12lud_internalPdii, 6, 0, 2, 273887340, 13.459860, 0.942835
2016_09_06_00_58_40_cudaLud_carolk402.log,0,_Z12lud_internalPdii, 43, 0, 2, 160016900, 9.231358, 0.544101
2016_09_06_01_00_00_cudaLud_carolk402.log,0,_Z12lud_internalPdii, 19, 0, 2, 212351651, 16.808399, 0.048579
2016_09_06_01_00_18_cudaLud_carolk402.log,0,_Z12lud_internalPdii, 26, 0, 2, 60544791, 0.567162, 0.314819
2016_09_06_01_02_40_cudaLud_carolk402.log,0,_Z12lud_internalPdii, 27, 0, 2, 74539691, 0.858484, 0.166932
2016_09_06_01_04_27_cudaLud_carolk402.log,0,_Z12lud_internalPdii, 19, 0, 2, 153343077, 0.136754, 0.149321
2016_09_06_01_05_10_cudaLud_carolk402.log,0,_Z12lud_internalPdii, 17, 0, 2, 76550519, 1.050727, 0.712050
2016_09_06_01_05_28_cudaLud_carolk402.log,0,_Z12lud_internalPdii, 10, 0, 2, 80893489, 11.584543, 0.537727
2016_09_06_01_05_46_cudaLud_carolk402.log,0,_Z12lud_internalPdii, 4, 0, 2, 5386955, 4.460663, 0.539781
2016_09_06_01_06_34_cudaLud_carolk402.log,0,_Z12lud_internalPdii, 31, 0, 2, 31516260, 20.919498, 0.162563
2016_09_06_01_08_35_cudaLud_carolk402.log,0,_Z12lud_internalPdii, 18, 0, 2, 21875434, 0.276577, 0.514880
2016_09_06_01_09_03_cudaLud_carolk402.log,0,_Z12lud_internalPdii, 33, 0, 2, 192298342, 3.499014, 0.477474
2016_09_06_01_09_21_cudaLud_carolk402.log,0,_Z12lud_internalPdii, 39, 0, 2, 6600237, 0.142397, 0.964651
2016_09_06_01_09_48_cudaLud_carolk402.log,0,_Z12lud_internalPdii, 30, 0, 2, 111663336, 7.004575, 0.240841
2016_09_06_01_10_45_cudaLud_carolk402.log,0,_Z12lud_internalPdii, 87, 0, 2, 28302894, 1.951000, 0.438482
2016_09_06_01_11_03_cudaLud_carolk402.log,0,_Z12lud_internalPdii, 32, 0, 2, 13812383, 1.836610, 0.684034
2016_09_06_01_11_46_cudaLud_carolk402.log,0,_Z12lud_internalPdii, 4, 0, 2, 270454329, 0.109872, 0.341309
2016_09_06_01_12_06_cudaLud_carolk402.log,0,_Z12lud_internalPdii, 76, 0, 2, 58475416, 7.894092, 0.635173
2016_09_06_01_12_23_cudaLud_carolk402.log,0,_Z12lud_internalPdii, 80, 0, 2, 10825141, 1.504085, 0.562055
2016_09_06_01_13_07_cudaLud_carolk402.log,0,_Z12lud_internalPdii, 34, 0, 2, 93333659, 20.990232, 0.211543
2016_09_06_01_13_25_cudaLud_carolk402.log,0,_Z12lud_internalPdii, 37, 0, 2, 94311857, 20.382782, 0.493783
2016_09_06_01_16_03_cudaLud_carolk402.log,0,_Z12lud_internalPdii, 62, 0, 2, 55197741, 2.847450, 0.233465
2016_09_06_01_16_21_cudaLud_carolk402.log,0,_Z12lud_internalPdii, 33, 0, 2, 181537593, 20.214861, 0.031611
2016_09_06_01_17_15_cudaLud_carolk402.log,0,_Z12lud_internalPdii, 2, 0, 2, 264340327, 10.446222, 0.702555
2016_09_06_01_17_33_cudaLud_carolk402.log,0,_Z12lud_internalPdii, 6, 0, 2, 125053539, 13.528773, 0.690411
2016_09_06_01_17_51_cudaLud_carolk402.log,0,_Z12lud_internalPdii, 3, 0, 2, 283975481, 9.036916, 0.352749
2016_09_06_01_18_42_cudaLud_carolk402.log,0,_Z12lud_internalPdii, 24, 0, 2, 35375996, 1.441338, 0.953259
2016_09_06_01_19_04_cudaLud_carolk402.log,0,_Z12lud_internalPdii, 16, 0, 2, 93353909, 3.148396, 0.573732
2016_09_06_01_19_22_cudaLud_carolk402.log,0,_Z12lud_internalPdii, 74, 0, 2, 58707528, 5.168901, 0.425115
2016_09_06_01_20_09_cudaLud_carolk402.log,0,_Z12lud_internalPdii, 61, 0, 2, 24439376, 3.065502, 0.416791
2016_09_06_01_20_38_cudaLud_carolk402.log,0,_Z12lud_internalPdii, 45, 0, 2, 37675214, 11.211551, 0.996031
2016_09_06_01_21_02_cudaLud_carolk402.log,0,_Z12lud_internalPdii, 93, 0, 2, 1353831, 1.181308, 0.258750
2016_09_06_01_22_01_cudaLud_carolk402.log,0,_Z12lud_internalPdii, 10, 0, 2, 59798269, 0.278657, 0.159414
2016_09_06_01_22_35_cudaLud_carolk402.log,0,_Z12lud_internalPdii, 26, 0, 2, 161181425, 4.228048, 0.093848
2016_09_06_01_23_33_cudaLud_carolk402.log,0,_Z12lud_internalPdii, 9, 0, 2, 52345726, 10.038073, 0.450980
2016_09_06_01_24_35_cudaLud_carolk402.log,0,_Z12lud_internalPdii, 18, 0, 2, 73856896, 11.916540, 0.395841
2016_09_06_01_25_09_cudaLud_carolk402.log,0,_Z12lud_internalPdii, 15, 0, 2, 80865848, 3.736602, 0.944235
2016_09_06_01_26_50_cudaLud_carolk402.log,0,_Z12lud_internalPdii, 43, 0, 2, 154777899, 1.039562, 0.185673
2016_09_06_01_27_25_cudaLud_carolk402.log,0,_Z12lud_internalPdii, 10, 0, 2, 241135725, 0.836332, 0.148082
2016_09_06_01_27_52_cudaLud_carolk402.log,0,_Z12lud_internalPdii, 14, 0, 2, 43731983, 0.325279, 0.295116
2016_09_06_01_28_30_cudaLud_carolk402.log,0,_Z12lud_internalPdii, 22, 0, 2, 48956568, 20.358286, 0.779826
2016_09_06_01_28_48_cudaLud_carolk402.log,0,_Z12lud_internalPdii, 56, 0, 2, 102663682, 13.270283, 0.035620
2016_09_06_01_30_41_cudaLud_carolk402.log,0,_Z12lud_internalPdii, 39, 0, 2, 55512500, 20.823771, 0.117245
2016_09_06_01_31_15_cudaLud_carolk402.log,0,_Z12lud_internalPdii, 9, 0, 2, 166041770, 6.283361, 0.830679
2016_09_06_01_31_53_cudaLud_carolk402.log,0,_Z12lud_internalPdii, 23, 0, 2, 64769183, 5.669685, 0.885371
2016_09_06_01_32_48_cudaLud_carolk402.log,0,_Z12lud_internalPdii, 18, 0, 2, 111769892, 13.427946, 0.993159
2016_09_06_01_33_28_cudaLud_carolk402.log,0,_Z12lud_internalPdii, 72, 0, 2, 11034584, 0.686729, 0.371153
2016_09_06_01_34_00_cudaLud_carolk402.log,0,_Z12lud_internalPdii, 72, 0, 2, 51146480, 2.218761, 0.094867
2016_09_06_01_34_55_cudaLud_carolk402.log,0,_Z12lud_internalPdii, 30, 0, 2, 108294278, 18.953611, 0.426481
2016_09_06_01_35_30_cudaLud_carolk402.log,0,_Z42CalcKinematicsAndMonotonicQGradient_kerneliidPKiPKdS2_S2_S2_S2_S2_S2_S2_PdS3_S3_S3_S3_S3_S3_S3_S3_S3_S3_S3_S3_Pii, 27, 0, 0, 36472213, 97.029518, 0.123504
2016_09_06_01_35_59_cudaLud_carolk402.log,0,_Z34CalcTimeConstraintsForElems_kernelILi128EEviddPiPdS1_S1_S1_S1_, 78, 0, 0, 15750434, 12.653333, 0.079196
2016_09_06_01_36_34_cudaLud_carolk402.log,0,_Z12lud_internalPdii, 21, 0, 2, 64426867, 1.532736, 0.263642
2016_09_06_01_37_25_cudaLud_carolk402.log,0,_Z12lud_internalPdii, 11, 0, 2, 298988503, 12.977478, 0.936909
2016_09_06_01_39_17_cudaLud_carolk402.log,0,_Z30CalcVolumeForceForElems_kernelILb1EEvPKdS1_S1_S1_diiPKiS1_S1_S1_S1_S1_S1_S1_S1_PdS4_S4_Pii, 44, 0, 0, 60948425, 97.414406, 0.219108
2016_09_06_01_40_07_cudaLud_carolk402.log,0,_Z12lud_internalPdii, 10, 0, 2, 144284998, 20.423891, 0.973882
2016_09_06_01_40_49_cudaLud_carolk402.log,0,_Z45ApplyMaterialPropertiesAndUpdateVolume_kernelidddPdS_S_S_dddddPiS_S_S_S_dS_dS0_iPKiS2_i, 59, 0, 0, 50514730, 36.631859, 0.496926
2016_09_06_01_43_06_cudaLud_carolk402.log,0,_Z45ApplyMaterialPropertiesAndUpdateVolume_kernelidddPdS_S_S_dddddPiS_S_S_S_dS_dS0_iPKiS2_i, 4, 0, 0, 20257041, 15.326317, 0.341260
2016_09_06_01_44_07_cudaLud_carolk402.log,0,_Z12lud_internalPdii, 74, 0, 2, 57766521, 20.002371, 0.118284
2016_09_06_01_47_13_cudaLud_carolk402.log,0,_Z12lud_internalPdii, 62, 0, 2, 28828128, 1.012878, 0.153901
2016_09_06_01_48_06_cudaLud_carolk402.log,0,_Z42CalcKinematicsAndMonotonicQGradient_kerneliidPKiPKdS2_S2_S2_S2_S2_S2_S2_PdS3_S3_S3_S3_S3_S3_S3_S3_S3_S3_S3_S3_Pii, 28, 0, 0, 86174666, 68.012657, 0.465686
2016_09_06_01_48_40_cudaLud_carolk402.log,0,_Z12lud_internalPdii, 18, 0, 2, 52104916, 19.167110, 0.848801
2016_09_06_01_50_37_cudaLud_carolk402.log,0,_Z45ApplyMaterialPropertiesAndUpdateVolume_kernelidddPdS_S_S_dddddPiS_S_S_S_dS_dS0_iPKiS2_i, 87, 0, 0, 107346718, 73.808960, 0.137029
2016_09_06_01_51_24_cudaLud_carolk402.log,0,_Z42CalcKinematicsAndMonotonicQGradient_kerneliidPKiPKdS2_S2_S2_S2_S2_S2_S2_PdS3_S3_S3_S3_S3_S3_S3_S3_S3_S3_S3_S3_Pii, 77, 0, 0, 45853369, 0.459629, 0.160733
2016_09_06_01_52_22_cudaLud_carolk402.log,0,_Z45ApplyMaterialPropertiesAndUpdateVolume_kernelidddPdS_S_S_dddddPiS_S_S_S_dS_dS0_iPKiS2_i, 4, 0, 0, 176272960, 62.032875, 0.453740
2016_09_06_01_53_18_cudaLud_carolk402.log,0,_Z12lud_internalPdii, 64, 0, 2, 14214135, 5.155972, 0.622495
2016_09_06_01_54_55_cudaLud_carolk402.log,0,_Z42CalcKinematicsAndMonotonicQGradient_kerneliidPKiPKdS2_S2_S2_S2_S2_S2_S2_PdS3_S3_S3_S3_S3_S3_S3_S3_S3_S3_S3_S3_Pii, 66, 0, 0, 26317635, 107.491508, 0.686073
2016_09_06_01_55_43_cudaLud_carolk402.log,0,_Z42CalcKinematicsAndMonotonicQGradient_kerneliidPKiPKdS2_S2_S2_S2_S2_S2_S2_PdS3_S3_S3_S3_S3_S3_S3_S3_S3_S3_S3_S3_Pii, 23, 0, 0, 128148529, 88.182793, 0.814272
2016_09_06_01_56_18_cudaLud_carolk402.log,0,_Z30CalcVolumeForceForElems_kernelILb1EEvPKdS1_S1_S1_diiPKiS1_S1_S1_S1_S1_S1_S1_S1_PdS4_S4_Pii, 91, 0, 0, 31760353, 35.902092, 0.018096
2016_09_06_01_57_35_cudaLud_carolk402.log,0,_Z12lud_internalPdii, 30, 0, 2, 69494335, 1.617938, 0.932745
2016_09_06_01_58_07_cudaLud_carolk402.log,0,_Z30CalcVolumeForceForElems_kernelILb1EEvPKdS1_S1_S1_diiPKiS1_S1_S1_S1_S1_S1_S1_S1_PdS4_S4_Pii, 49, 0, 0, 146956409, 168.973572, 0.709289
2016_09_06_01_59_04_cudaLud_carolk402.log,0,_Z30CalcVolumeForceForElems_kernelILb1EEvPKdS1_S1_S1_diiPKiS1_S1_S1_S1_S1_S1_S1_S1_PdS4_S4_Pii, 53, 0, 0, 105243825, 99.153366, 0.139410
2016_09_06_01_59_39_cudaLud_carolk402.log,0,_Z29AddNodeForcesFromElems_kerneliiPKiS0_S0_PKdS2_S2_PdS3_S3_i, 43, 0, 0, 14421967, 30.865437, 0.716859
2016_09_06_02_00_44_cudaLud_carolk402.log,0,_Z12lud_internalPdii, 63, 0, 2, 28076608, 1.977099, 0.482576
