log_file,has_sdc,inj_kname,inj_kcount,inj_igid,inj_fault_model,inj_inst_id,inj_destination_id,inj_bit_location,finished,Timestamp,Machine,Benchmark,Header,SDC,LOGGED_ERRORS,ACC_ERR,ACC_TIME,ERR_OUTOFORDER,ERR_CORRUPTED,ERR_LINK,ERR_SYNC,IT_OOO,IT_CORRUPTED,IT_LINK,IT_SYNC,IT_OOO_CORR,IT_SYNC_CORR,IT_SYNC_OOO,IT_LINK_OOO,IT_LINK_CORR,IT_LINK_SYNC,IT_MULTIPLE,BALANCE_MISMATCHES,Logname
2016_09_07_06_07_27_cudaQuickSortCDP_carolk402.log, 1, _Z10qsort_warpPjS_jjP17qsortAtomicData_tP14qsortRingbuf_tjj, 0, rf, 0, 1588468971, 9.76385002656, 0.800819420183, 1,Wed Sep  7 06:07:27 2016 , carolk402 , cudaQuickSortCDP , 1048576 , 1 , 500 , 3230 , 6.379855 , 0 , 500 , 0 , 0 ,0 ,1 ,0 ,0 ,0 ,0 ,0 ,0 ,0 ,0 ,0 ,1 , ./2016_09_07_06_07_27_cudaQuickSortCDP_carolk402.log
2016_09_07_06_08_36_cudaQuickSortCDP_carolk402.log, 1, _Z10qsort_warpPjS_jjP17qsortAtomicData_tP14qsortRingbuf_tjj, 0, rf, 0, 2114182584, 12.5445926522, 0.188189319704, 1,Wed Sep  7 06:08:36 2016 , carolk402 , cudaQuickSortCDP , 1048576 , 1 , 31 , 31 , 5.776508 , 31 , 0 , 0 , 0 ,1 ,0 ,0 ,0 ,0 ,0 ,0 ,0 ,0 ,0 ,0 ,0 , ./2016_09_07_06_08_36_cudaQuickSortCDP_carolk402.log
2016_09_07_06_11_47_cudaQuickSortCDP_carolk402.log, 1, _Z10qsort_warpPjS_jjP17qsortAtomicData_tP14qsortRingbuf_tjj, 0, rf, 0, 700722450, 8.16871091288, 0.46476694886, 1,Wed Sep  7 06:11:47 2016 , carolk402 , cudaQuickSortCDP , 1048576 , 1 , 257 , 257 , 5.70285 , 248 , 9 , 0 , 0 ,0 ,0 ,0 ,0 ,1 ,0 ,0 ,0 ,0 ,0 ,0 ,1 , ./2016_09_07_06_11_47_cudaQuickSortCDP_carolk402.log
2016_09_07_06_12_22_cudaQuickSortCDP_carolk402.log, 1, _Z10qsort_warpPjS_jjP17qsortAtomicData_tP14qsortRingbuf_tjj, 0, rf, 0, 1377275368, 9.01410726259, 0.44799397941, 1,Wed Sep  7 06:12:22 2016 , carolk402 , cudaQuickSortCDP , 1048576 , 1 , 47 , 47 , 6.187746 , 47 , 0 , 0 , 0 ,1 ,0 ,0 ,0 ,0 ,0 ,0 ,0 ,0 ,0 ,0 ,0 , ./2016_09_07_06_12_22_cudaQuickSortCDP_carolk402.log
2016_09_07_06_12_54_cudaQuickSortCDP_carolk402.log, 1, _Z10qsort_warpPjS_jjP17qsortAtomicData_tP14qsortRingbuf_tjj, 0, rf, 0, 517906918, 5.42540101253, 0.190206583571, 1,Wed Sep  7 06:12:54 2016 , carolk402 , cudaQuickSortCDP , 1048576 , 1 , 40 , 40 , 5.651752 , 38 , 2 , 0 , 0 ,0 ,0 ,0 ,0 ,1 ,0 ,0 ,0 ,0 ,0 ,0 ,0 , ./2016_09_07_06_12_54_cudaQuickSortCDP_carolk402.log
2016_09_07_06_14_14_cudaQuickSortCDP_carolk402.log, 1, _Z10qsort_warpPjS_jjP17qsortAtomicData_tP14qsortRingbuf_tjj, 0, rf, 0, 2610154436, 3.25111104145, 0.977801032801, 1,Wed Sep  7 06:14:14 2016 , carolk402 , cudaQuickSortCDP , 1048576 , 1 , 6 , 6 , 7.870076 , 4 , 2 , 0 , 0 ,0 ,0 ,0 ,0 ,1 ,0 ,0 ,0 ,0 ,0 ,0 ,0 , ./2016_09_07_06_14_14_cudaQuickSortCDP_carolk402.log
2016_09_07_06_14_39_cudaQuickSortCDP_carolk402.log, 1, _Z10qsort_warpPjS_jjP17qsortAtomicData_tP14qsortRingbuf_tjj, 0, rf, 0, 618587530, 9.0901189826, 0.271637142141, 1,Wed Sep  7 06:14:39 2016 , carolk402 , cudaQuickSortCDP , 1048576 , 1 , 42 , 42 , 5.340671 , 42 , 0 , 0 , 0 ,1 ,0 ,0 ,0 ,0 ,0 ,0 ,0 ,0 ,0 ,0 ,0 , ./2016_09_07_06_14_39_cudaQuickSortCDP_carolk402.log
2016_09_07_06_15_03_cudaQuickSortCDP_carolk402.log, 1, _Z10qsort_warpPjS_jjP17qsortAtomicData_tP14qsortRingbuf_tjj, 0, rf, 0, 1089479794, 3.06446377375, 0.537967483386, 1,Wed Sep  7 06:15:03 2016 , carolk402 , cudaQuickSortCDP , 1048576 , 1 , 6 , 6 , 5.704947 , 4 , 2 , 0 , 0 ,0 ,0 ,0 ,0 ,1 ,0 ,0 ,0 ,0 ,0 ,0 ,0 , ./2016_09_07_06_15_03_cudaQuickSortCDP_carolk402.log
2016_09_07_06_15_18_cudaQuickSortCDP_carolk402.log, 1, _Z10qsort_warpPjS_jjP17qsortAtomicData_tP14qsortRingbuf_tjj, 0, rf, 0, 1600021414, 2.29907415494, 0.160589907731, 1,Wed Sep  7 06:15:18 2016 , carolk402 , cudaQuickSortCDP , 1048576 , 1 , 197 , 197 , 6.657767 , 182 , 15 , 0 , 0 ,0 ,0 ,0 ,0 ,1 ,0 ,0 ,0 ,0 ,0 ,0 ,0 , ./2016_09_07_06_15_18_cudaQuickSortCDP_carolk402.log
2016_09_07_06_16_21_cudaQuickSortCDP_carolk402.log, 1, _Z10qsort_warpPjS_jjP17qsortAtomicData_tP14qsortRingbuf_tjj, 0, rf, 0, 570639100, 10.1946272323, 0.165502370907, 1,Wed Sep  7 06:16:21 2016 , carolk402 , cudaQuickSortCDP , 1048576 , 1 , 2 , 2 , 6.000932 , 0 , 2 , 0 , 0 ,0 ,1 ,0 ,0 ,0 ,0 ,0 ,0 ,0 ,0 ,0 ,0 , ./2016_09_07_06_16_21_cudaQuickSortCDP_carolk402.log
2016_09_07_06_17_24_cudaQuickSortCDP_carolk402.log, 1, _Z10qsort_warpPjS_jjP17qsortAtomicData_tP14qsortRingbuf_tjj, 0, rf, 0, 2285311365, 4.67216084496, 0.121388136489, 1,Wed Sep  7 06:17:24 2016 , carolk402 , cudaQuickSortCDP , 1048576 , 1 , 119 , 119 , 5.831277 , 118 , 1 , 0 , 0 ,0 ,0 ,0 ,0 ,1 ,0 ,0 ,0 ,0 ,0 ,0 ,1 , ./2016_09_07_06_17_24_cudaQuickSortCDP_carolk402.log
2016_09_07_06_18_51_cudaQuickSortCDP_carolk402.log, 1, _Z10qsort_warpPjS_jjP17qsortAtomicData_tP14qsortRingbuf_tjj, 0, rf, 0, 1125952162, 12.6331905903, 0.0288278018347, 1,Wed Sep  7 06:18:51 2016 , carolk402 , cudaQuickSortCDP , 1048576 , 1 , 2 , 2 , 6.643261 , 0 , 2 , 0 , 0 ,0 ,1 ,0 ,0 ,0 ,0 ,0 ,0 ,0 ,0 ,0 ,0 , ./2016_09_07_06_18_51_cudaQuickSortCDP_carolk402.log
2016_09_07_06_19_26_cudaQuickSortCDP_carolk402.log, 1, _Z10qsort_warpPjS_jjP17qsortAtomicData_tP14qsortRingbuf_tjj, 0, rf, 0, 437713604, 13.7997783505, 0.650907924202, 1,Wed Sep  7 06:19:26 2016 , carolk402 , cudaQuickSortCDP , 1048576 , 1 , 66 , 66 , 5.484506 , 64 , 2 , 0 , 0 ,0 ,0 ,0 ,0 ,1 ,0 ,0 ,0 ,0 ,0 ,0 ,0 , ./2016_09_07_06_19_26_cudaQuickSortCDP_carolk402.log
2016_09_07_06_24_15_cudaQuickSortCDP_carolk402.log, 1, _Z10qsort_warpPjS_jjP17qsortAtomicData_tP14qsortRingbuf_tjj, 0, rf, 0, 1609458894, 3.9785904567, 0.168035748063, 1,Wed Sep  7 06:24:15 2016 , carolk402 , cudaQuickSortCDP , 1048576 , 1 , 500 , 1268 , 6.037382 , 0 , 500 , 0 , 0 ,0 ,1 ,0 ,0 ,0 ,0 ,0 ,0 ,0 ,0 ,0 ,1 , ./2016_09_07_06_24_15_cudaQuickSortCDP_carolk402.log
2016_09_07_06_26_44_cudaQuickSortCDP_carolk402.log, 1, _Z10qsort_warpPjS_jjP17qsortAtomicData_tP14qsortRingbuf_tjj, 0, rf, 0, 2630896030, 13.657222007, 0.00356503511457, 1,Wed Sep  7 06:26:44 2016 , carolk402 , cudaQuickSortCDP , 1048576 , 1 , 2 , 2 , 5.715382 , 0 , 2 , 0 , 0 ,0 ,1 ,0 ,0 ,0 ,0 ,0 ,0 ,0 ,0 ,0 ,0 , ./2016_09_07_06_26_44_cudaQuickSortCDP_carolk402.log
2016_09_07_06_28_35_cudaQuickSortCDP_carolk402.log, 1, _Z10qsort_warpPjS_jjP17qsortAtomicData_tP14qsortRingbuf_tjj, 0, rf, 0, 2068856868, 5.16043691364, 0.703039681224, 1,Wed Sep  7 06:28:35 2016 , carolk402 , cudaQuickSortCDP , 1048576 , 1 , 360 , 360 , 6.597633 , 313 , 47 , 0 , 0 ,0 ,0 ,0 ,0 ,1 ,0 ,0 ,0 ,0 ,0 ,0 ,1 , ./2016_09_07_06_28_35_cudaQuickSortCDP_carolk402.log
2016_09_07_06_29_14_cudaQuickSortCDP_carolk402.log, 1, _Z10qsort_warpPjS_jjP17qsortAtomicData_tP14qsortRingbuf_tjj, 0, rf, 0, 1534771021, 13.3476226999, 0.386563018829, 1,Wed Sep  7 06:29:14 2016 , carolk402 , cudaQuickSortCDP , 1048576 , 1 , 2 , 2 , 5.813281 , 0 , 2 , 0 , 0 ,0 ,1 ,0 ,0 ,0 ,0 ,0 ,0 ,0 ,0 ,0 ,0 , ./2016_09_07_06_29_14_cudaQuickSortCDP_carolk402.log
2016_09_07_06_31_04_cudaQuickSortCDP_carolk402.log, 1, _Z10qsort_warpPjS_jjP17qsortAtomicData_tP14qsortRingbuf_tjj, 0, rf, 0, 1014077067, 5.41455255543, 0.509285359065, 1,Wed Sep  7 06:31:04 2016 , carolk402 , cudaQuickSortCDP , 1048576 , 1 , 369 , 369 , 6.003609 , 249 , 120 , 0 , 0 ,0 ,0 ,0 ,0 ,1 ,0 ,0 ,0 ,0 ,0 ,0 ,1 , ./2016_09_07_06_31_04_cudaQuickSortCDP_carolk402.log
2016_09_07_06_32_25_cudaQuickSortCDP_carolk402.log, 1, _Z10qsort_warpPjS_jjP17qsortAtomicData_tP14qsortRingbuf_tjj, 0, rf, 0, 2340592418, 8.05736410691, 0.0566255285589, 1,Wed Sep  7 06:32:25 2016 , carolk402 , cudaQuickSortCDP , 1048576 , 1 , 201 , 201 , 6.165721 , 191 , 10 , 0 , 0 ,0 ,0 ,0 ,0 ,1 ,0 ,0 ,0 ,0 ,0 ,0 ,0 , ./2016_09_07_06_32_25_cudaQuickSortCDP_carolk402.log
2016_09_07_06_34_57_cudaQuickSortCDP_carolk402.log, 1, _Z10qsort_warpPjS_jjP17qsortAtomicData_tP14qsortRingbuf_tjj, 0, rf, 0, 550503712, 2.00301047031, 0.209609016593, 1,Wed Sep  7 06:34:57 2016 , carolk402 , cudaQuickSortCDP , 1048576 , 1 , 23 , 23 , 6.696534 , 12 , 11 , 0 , 0 ,0 ,0 ,0 ,0 ,1 ,0 ,0 ,0 ,0 ,0 ,0 ,0 , ./2016_09_07_06_34_57_cudaQuickSortCDP_carolk402.log
2016_09_07_06_37_06_cudaQuickSortCDP_carolk402.log, 1, _Z10qsort_warpPjS_jjP17qsortAtomicData_tP14qsortRingbuf_tjj, 0, rf, 0, 2338473884, 5.29277332222, 0.271055912065, 1,Wed Sep  7 06:37:06 2016 , carolk402 , cudaQuickSortCDP , 1048576 , 1 , 310 , 310 , 5.82534 , 281 , 29 , 0 , 0 ,0 ,0 ,0 ,0 ,1 ,0 ,0 ,0 ,0 ,0 ,0 ,0 , ./2016_09_07_06_37_06_cudaQuickSortCDP_carolk402.log
2016_09_07_06_37_47_cudaQuickSortCDP_carolk402.log, 1, _Z10qsort_warpPjS_jjP17qsortAtomicData_tP14qsortRingbuf_tjj, 0, rf, 0, 636306912, 7.51189067526, 0.0640970307546, 1,Wed Sep  7 06:37:47 2016 , carolk402 , cudaQuickSortCDP , 1048576 , 1 , 2 , 2 , 7.085136 , 0 , 2 , 0 , 0 ,0 ,1 ,0 ,0 ,0 ,0 ,0 ,0 ,0 ,0 ,0 ,0 , ./2016_09_07_06_37_47_cudaQuickSortCDP_carolk402.log
2016_09_07_06_38_28_cudaQuickSortCDP_carolk402.log, 1, _Z10qsort_warpPjS_jjP17qsortAtomicData_tP14qsortRingbuf_tjj, 0, rf, 0, 2041525985, 3.16720085719, 0.963348119142, 1,Wed Sep  7 06:38:28 2016 , carolk402 , cudaQuickSortCDP , 1048576 , 1 , 8 , 8 , 6.127659 , 7 , 1 , 0 , 0 ,0 ,0 ,0 ,0 ,1 ,0 ,0 ,0 ,0 ,0 ,0 ,1 , ./2016_09_07_06_38_28_cudaQuickSortCDP_carolk402.log
2016_09_07_06_38_58_cudaQuickSortCDP_carolk402.log, 1, _Z10qsort_warpPjS_jjP17qsortAtomicData_tP14qsortRingbuf_tjj, 0, rf, 0, 1672494746, 9.44007520752, 0.297384482116, 1,Wed Sep  7 06:38:58 2016 , carolk402 , cudaQuickSortCDP , 1048576 , 1 , 12 , 12 , 6.299816 , 8 , 4 , 0 , 0 ,0 ,0 ,0 ,0 ,1 ,0 ,0 ,0 ,0 ,0 ,0 ,0 , ./2016_09_07_06_38_58_cudaQuickSortCDP_carolk402.log
2016_09_07_06_41_44_cudaQuickSortCDP_carolk402.log, 1, _Z10qsort_warpPjS_jjP17qsortAtomicData_tP14qsortRingbuf_tjj, 0, rf, 0, 2470743161, 9.97963359847, 0.0860178551652, 1,Wed Sep  7 06:41:44 2016 , carolk402 , cudaQuickSortCDP , 1048576 , 1 , 500 , 601 , 6.269309 , 482 , 18 , 0 , 0 ,0 ,0 ,0 ,0 ,1 ,0 ,0 ,0 ,0 ,0 ,0 ,1 , ./2016_09_07_06_41_44_cudaQuickSortCDP_carolk402.log
2016_09_07_06_42_07_cudaQuickSortCDP_carolk402.log, 1, _Z10qsort_warpPjS_jjP17qsortAtomicData_tP14qsortRingbuf_tjj, 0, rf, 0, 657976021, 9.66131467299, 0.139371536948, 1,Wed Sep  7 06:42:07 2016 , carolk402 , cudaQuickSortCDP , 1048576 , 1 , 54 , 54 , 6.028243 , 52 , 2 , 0 , 0 ,0 ,0 ,0 ,0 ,1 ,0 ,0 ,0 ,0 ,0 ,0 ,0 , ./2016_09_07_06_42_07_cudaQuickSortCDP_carolk402.log
2016_09_07_06_42_32_cudaQuickSortCDP_carolk402.log, 1, _Z10qsort_warpPjS_jjP17qsortAtomicData_tP14qsortRingbuf_tjj, 0, rf, 0, 2226579122, 4.9047706598, 0.106139690205, 1,Wed Sep  7 06:42:32 2016 , carolk402 , cudaQuickSortCDP , 1048576 , 1 , 57 , 57 , 5.96446 , 57 , 0 , 0 , 0 ,1 ,0 ,0 ,0 ,0 ,0 ,0 ,0 ,0 ,0 ,0 ,0 , ./2016_09_07_06_42_32_cudaQuickSortCDP_carolk402.log
2016_09_07_06_43_33_cudaQuickSortCDP_carolk402.log, 1, _Z10qsort_warpPjS_jjP17qsortAtomicData_tP14qsortRingbuf_tjj, 0, rf, 0, 1826983723, 3.1785579428, 0.51565059156, 1,Wed Sep  7 06:43:33 2016 , carolk402 , cudaQuickSortCDP , 1048576 , 1 , 500 , 692 , 6.422433 , 467 , 33 , 0 , 0 ,0 ,0 ,0 ,0 ,1 ,0 ,0 ,0 ,0 ,0 ,0 ,1 , ./2016_09_07_06_43_33_cudaQuickSortCDP_carolk402.log
2016_09_07_06_45_10_cudaQuickSortCDP_carolk402.log, 1, _Z10qsort_warpPjS_jjP17qsortAtomicData_tP14qsortRingbuf_tjj, 0, rf, 0, 573147496, 12.0921379995, 0.881633703477, 1,Wed Sep  7 06:45:10 2016 , carolk402 , cudaQuickSortCDP , 1048576 , 1 , 69 , 69 , 6.424484 , 67 , 2 , 0 , 0 ,0 ,0 ,0 ,0 ,1 ,0 ,0 ,0 ,0 ,0 ,0 ,0 , ./2016_09_07_06_45_10_cudaQuickSortCDP_carolk402.log
2016_09_07_06_45_58_cudaQuickSortCDP_carolk402.log, 1, _Z10qsort_warpPjS_jjP17qsortAtomicData_tP14qsortRingbuf_tjj, 0, rf, 0, 2209191193, 3.24271676239, 0.369509210756, 1,Wed Sep  7 06:45:58 2016 , carolk402 , cudaQuickSortCDP , 1048576 , 1 , 500 , 3417 , 5.688771 , 0 , 500 , 0 , 0 ,0 ,1 ,0 ,0 ,0 ,0 ,0 ,0 ,0 ,0 ,0 ,1 , ./2016_09_07_06_45_58_cudaQuickSortCDP_carolk402.log
2016_09_07_06_49_39_cudaQuickSortCDP_carolk402.log, 1, _Z10qsort_warpPjS_jjP17qsortAtomicData_tP14qsortRingbuf_tjj, 0, rf, 0, 1617300467, 7.15569634389, 0.430231528104, 1,Wed Sep  7 06:49:39 2016 , carolk402 , cudaQuickSortCDP , 1048576 , 1 , 2 , 2 , 6.071992 , 0 , 2 , 0 , 0 ,0 ,1 ,0 ,0 ,0 ,0 ,0 ,0 ,0 ,0 ,0 ,0 , ./2016_09_07_06_49_39_cudaQuickSortCDP_carolk402.log
2016_09_07_06_50_53_cudaQuickSortCDP_carolk402.log, 1, _Z10qsort_warpPjS_jjP17qsortAtomicData_tP14qsortRingbuf_tjj, 0, rf, 0, 1339165215, 4.31475184261, 0.280319020743, 1,Wed Sep  7 06:50:53 2016 , carolk402 , cudaQuickSortCDP , 1048576 , 1 , 149 , 149 , 6.626762 , 131 , 18 , 0 , 0 ,0 ,0 ,0 ,0 ,1 ,0 ,0 ,0 ,0 ,0 ,0 ,0 , ./2016_09_07_06_50_53_cudaQuickSortCDP_carolk402.log
2016_09_07_06_51_45_cudaQuickSortCDP_carolk402.log, 1, _Z10qsort_warpPjS_jjP17qsortAtomicData_tP14qsortRingbuf_tjj, 0, rf, 0, 1885293803, 4.25685317225, 0.473659844233, 1,Wed Sep  7 06:51:45 2016 , carolk402 , cudaQuickSortCDP , 1048576 , 1 , 500 , 2403 , 5.662914 , 494 , 6 , 0 , 0 ,0 ,0 ,0 ,0 ,1 ,0 ,0 ,0 ,0 ,0 ,0 ,1 , ./2016_09_07_06_51_45_cudaQuickSortCDP_carolk402.log
2016_09_07_06_55_02_cudaQuickSortCDP_carolk402.log, 1, _Z10qsort_warpPjS_jjP17qsortAtomicData_tP14qsortRingbuf_tjj, 0, rf, 0, 2448352065, 11.1151701032, 0.113296542528, 1,Wed Sep  7 06:55:02 2016 , carolk402 , cudaQuickSortCDP , 1048576 , 1 , 90 , 90 , 5.898581 , 80 , 10 , 0 , 0 ,0 ,0 ,0 ,0 ,1 ,0 ,0 ,0 ,0 ,0 ,0 ,0 , ./2016_09_07_06_55_02_cudaQuickSortCDP_carolk402.log
2016_09_07_06_56_07_cudaQuickSortCDP_carolk402.log, 1, _Z10qsort_warpPjS_jjP17qsortAtomicData_tP14qsortRingbuf_tjj, 0, rf, 0, 2337796435, 9.65413291937, 0.133056585173, 1,Wed Sep  7 06:56:07 2016 , carolk402 , cudaQuickSortCDP , 1048576 , 1 , 1 , 1 , 5.931691 , 1 , 0 , 0 , 0 ,1 ,0 ,0 ,0 ,0 ,0 ,0 ,0 ,0 ,0 ,0 ,0 , ./2016_09_07_06_56_07_cudaQuickSortCDP_carolk402.log
2016_09_07_06_58_32_cudaQuickSortCDP_carolk402.log, 1, _Z10qsort_warpPjS_jjP17qsortAtomicData_tP14qsortRingbuf_tjj, 0, rf, 0, 2291846537, 13.1974649541, 0.663492752171, 1,Wed Sep  7 06:58:32 2016 , carolk402 , cudaQuickSortCDP , 1048576 , 1 , 15 , 15 , 6.081677 , 13 , 2 , 0 , 0 ,0 ,0 ,0 ,0 ,1 ,0 ,0 ,0 ,0 ,0 ,0 ,0 , ./2016_09_07_06_58_32_cudaQuickSortCDP_carolk402.log
2016_09_07_06_59_25_cudaQuickSortCDP_carolk402.log, 1, _Z10qsort_warpPjS_jjP17qsortAtomicData_tP14qsortRingbuf_tjj, 0, rf, 0, 1651622803, 9.70100542952, 0.286748311173, 1,Wed Sep  7 06:59:25 2016 , carolk402 , cudaQuickSortCDP , 1048576 , 1 , 500 , 1254 , 5.688896 , 114 , 386 , 0 , 0 ,0 ,0 ,0 ,0 ,1 ,0 ,0 ,0 ,0 ,0 ,0 ,1 , ./2016_09_07_06_59_25_cudaQuickSortCDP_carolk402.log
2016_09_07_07_00_41_cudaQuickSortCDP_carolk402.log, 1, _Z10qsort_warpPjS_jjP17qsortAtomicData_tP14qsortRingbuf_tjj, 0, rf, 0, 825060083, 15.4600368115, 0.763349622771, 1,Wed Sep  7 07:00:41 2016 , carolk402 , cudaQuickSortCDP , 1048576 , 1 , 254 , 254 , 5.5972 , 253 , 1 , 0 , 0 ,0 ,0 ,0 ,0 ,1 ,0 ,0 ,0 ,0 ,0 ,0 ,1 , ./2016_09_07_07_00_41_cudaQuickSortCDP_carolk402.log
2016_09_07_07_01_00_cudaQuickSortCDP_carolk402.log, 1, _Z10qsort_warpPjS_jjP17qsortAtomicData_tP14qsortRingbuf_tjj, 0, rf, 2, 2398902748, 12.1480257002, 0.00189635362977, 1,Wed Sep  7 07:01:00 2016 , carolk402 , cudaQuickSortCDP , 1048576 , 1 , 42 , 42 , 5.641118 , 40 , 2 , 0 , 0 ,0 ,0 ,0 ,0 ,1 ,0 ,0 ,0 ,0 ,0 ,0 ,0 , ./2016_09_07_07_01_00_cudaQuickSortCDP_carolk402.log
2016_09_07_07_04_20_cudaQuickSortCDP_carolk402.log, 1, _Z10qsort_warpPjS_jjP17qsortAtomicData_tP14qsortRingbuf_tjj, 0, rf, 2, 453419457, 6.69366740267, 0.319765504014, 1,Wed Sep  7 07:04:20 2016 , carolk402 , cudaQuickSortCDP , 1048576 , 1 , 34 , 34 , 5.822401 , 32 , 2 , 0 , 0 ,0 ,0 ,0 ,0 ,1 ,0 ,0 ,0 ,0 ,0 ,0 ,0 , ./2016_09_07_07_04_20_cudaQuickSortCDP_carolk402.log
2016_09_07_07_04_51_cudaQuickSortCDP_carolk402.log, 1, _Z10qsort_warpPjS_jjP17qsortAtomicData_tP14qsortRingbuf_tjj, 0, rf, 2, 1102196664, 4.30910259468, 0.378520066987, 1,Wed Sep  7 07:04:51 2016 , carolk402 , cudaQuickSortCDP , 1048576 , 1 , 416 , 416 , 6.400918 , 415 , 1 , 0 , 0 ,0 ,0 ,0 ,0 ,1 ,0 ,0 ,0 ,0 ,0 ,0 ,1 , ./2016_09_07_07_04_51_cudaQuickSortCDP_carolk402.log
2016_09_07_07_06_04_cudaQuickSortCDP_carolk402.log, 1, _Z10qsort_warpPjS_jjP17qsortAtomicData_tP14qsortRingbuf_tjj, 0, rf, 2, 2409141861, 24.828773922, 0.658921961142, 1,Wed Sep  7 07:06:04 2016 , carolk402 , cudaQuickSortCDP , 1048576 , 1 , 1 , 1 , 5.419912 , 1 , 0 , 0 , 0 ,1 ,0 ,0 ,0 ,0 ,0 ,0 ,0 ,0 ,0 ,0 ,0 , ./2016_09_07_07_06_04_cudaQuickSortCDP_carolk402.log
2016_09_07_07_09_57_cudaQuickSortCDP_carolk402.log, 1, _Z10qsort_warpPjS_jjP17qsortAtomicData_tP14qsortRingbuf_tjj, 0, rf, 2, 22258937, 7.06507896757, 0.239387036113, 1,Wed Sep  7 07:09:57 2016 , carolk402 , cudaQuickSortCDP , 1048576 , 1 , 2 , 2 , 6.774327 , 0 , 2 , 0 , 0 ,0 ,1 ,0 ,0 ,0 ,0 ,0 ,0 ,0 ,0 ,0 ,0 , ./2016_09_07_07_09_57_cudaQuickSortCDP_carolk402.log
2016_09_07_07_10_16_cudaQuickSortCDP_carolk402.log, 1, _Z10qsort_warpPjS_jjP17qsortAtomicData_tP14qsortRingbuf_tjj, 0, rf, 2, 535714354, 7.43579453034, 0.897908911029, 1,Wed Sep  7 07:10:16 2016 , carolk402 , cudaQuickSortCDP , 1048576 , 1 , 6 , 6 , 6.361241 , 4 , 2 , 0 , 0 ,0 ,0 ,0 ,0 ,1 ,0 ,0 ,0 ,0 ,0 ,0 ,0 , ./2016_09_07_07_10_16_cudaQuickSortCDP_carolk402.log
2016_09_07_07_12_34_cudaQuickSortCDP_carolk402.log, 1, _Z10qsort_warpPjS_jjP17qsortAtomicData_tP14qsortRingbuf_tjj, 0, rf, 2, 138438024, 11.7355711129, 0.734486614807, 1,Wed Sep  7 07:12:34 2016 , carolk402 , cudaQuickSortCDP , 1048576 , 1 , 2 , 2 , 6.760257 , 0 , 2 , 0 , 0 ,0 ,1 ,0 ,0 ,0 ,0 ,0 ,0 ,0 ,0 ,0 ,0 , ./2016_09_07_07_12_34_cudaQuickSortCDP_carolk402.log
2016_09_07_07_14_34_cudaQuickSortCDP_carolk402.log, 1, _Z10qsort_warpPjS_jjP17qsortAtomicData_tP14qsortRingbuf_tjj, 0, rf, 2, 463818352, 0.25936376524, 0.367772033283, 1,Wed Sep  7 07:14:34 2016 , carolk402 , cudaQuickSortCDP , 1048576 , 1 , 314 , 314 , 5.841525 , 4 , 310 , 0 , 0 ,0 ,0 ,0 ,0 ,1 ,0 ,0 ,0 ,0 ,0 ,0 ,0 , ./2016_09_07_07_14_34_cudaQuickSortCDP_carolk402.log
2016_09_07_07_15_33_cudaQuickSortCDP_carolk402.log, 1, _Z10qsort_warpPjS_jjP17qsortAtomicData_tP14qsortRingbuf_tjj, 0, rf, 2, 43853375, 10.6209140794, 0.851210711549, 1,Wed Sep  7 07:15:33 2016 , carolk402 , cudaQuickSortCDP , 1048576 , 1 , 2 , 2 , 5.68101 , 0 , 2 , 0 , 0 ,0 ,1 ,0 ,0 ,0 ,0 ,0 ,0 ,0 ,0 ,0 ,0 , ./2016_09_07_07_15_33_cudaQuickSortCDP_carolk402.log
2016_09_07_07_17_45_cudaQuickSortCDP_carolk402.log, 1, _Z10qsort_warpPjS_jjP17qsortAtomicData_tP14qsortRingbuf_tjj, 0, rf, 2, 604280162, 3.83722474281, 0.597029649009, 1,Wed Sep  7 07:17:45 2016 , carolk402 , cudaQuickSortCDP , 1048576 , 1 , 500 , 175982 , 4.006071 , 500 , 0 , 0 , 0 ,1 ,0 ,0 ,0 ,0 ,0 ,0 ,0 ,0 ,0 ,0 ,0 , ./2016_09_07_07_17_45_cudaQuickSortCDP_carolk402.log
2016_09_07_07_19_26_cudaQuickSortCDP_carolk402.log, 1, _Z10qsort_warpPjS_jjP17qsortAtomicData_tP14qsortRingbuf_tjj, 0, rf, 2, 1766446687, 4.64163218462, 0.366738393524, 1,Wed Sep  7 07:19:26 2016 , carolk402 , cudaQuickSortCDP , 1048576 , 1 , 183 , 183 , 5.734105 , 180 , 3 , 0 , 0 ,0 ,0 ,0 ,0 ,1 ,0 ,0 ,0 ,0 ,0 ,0 ,1 , ./2016_09_07_07_19_26_cudaQuickSortCDP_carolk402.log
2016_09_07_07_24_44_cudaQuickSortCDP_carolk402.log, 1, _Z10qsort_warpPjS_jjP17qsortAtomicData_tP14qsortRingbuf_tjj, 0, rf, 2, 372731358, 7.35720118269, 0.255902286032, 1,Wed Sep  7 07:24:44 2016 , carolk402 , cudaQuickSortCDP , 1048576 , 1 , 3 , 3 , 7.334715 , 1 , 2 , 0 , 0 ,0 ,0 ,0 ,0 ,1 ,0 ,0 ,0 ,0 ,0 ,0 ,0 , ./2016_09_07_07_24_44_cudaQuickSortCDP_carolk402.log
2016_09_07_07_26_05_cudaQuickSortCDP_carolk402.log, 1, _Z10qsort_warpPjS_jjP17qsortAtomicData_tP14qsortRingbuf_tjj, 0, rf, 2, 1648373749, 24.0232215704, 0.813178577939, 1,Wed Sep  7 07:26:05 2016 , carolk402 , cudaQuickSortCDP , 1048576 , 1 , 1 , 1 , 5.726292 , 1 , 0 , 0 , 0 ,1 ,0 ,0 ,0 ,0 ,0 ,0 ,0 ,0 ,0 ,0 ,0 , ./2016_09_07_07_26_05_cudaQuickSortCDP_carolk402.log
2016_09_07_07_26_33_cudaQuickSortCDP_carolk402.log, 1, _Z10qsort_warpPjS_jjP17qsortAtomicData_tP14qsortRingbuf_tjj, 0, rf, 2, 1204293736, 7.37583670595, 0.933631651008, 1,Wed Sep  7 07:26:33 2016 , carolk402 , cudaQuickSortCDP , 1048576 , 1 , 10 , 10 , 5.483245 , 6 , 4 , 0 , 0 ,0 ,0 ,0 ,0 ,1 ,0 ,0 ,0 ,0 ,0 ,0 ,0 , ./2016_09_07_07_26_33_cudaQuickSortCDP_carolk402.log
2016_09_07_07_29_51_cudaQuickSortCDP_carolk402.log, 1, _Z10qsort_warpPjS_jjP17qsortAtomicData_tP14qsortRingbuf_tjj, 0, rf, 2, 1305455396, 24.5323078779, 0.685757668834, 1,Wed Sep  7 07:29:51 2016 , carolk402 , cudaQuickSortCDP , 1048576 , 1 , 1 , 1 , 5.460747 , 1 , 0 , 0 , 0 ,1 ,0 ,0 ,0 ,0 ,0 ,0 ,0 ,0 ,0 ,0 ,0 , ./2016_09_07_07_29_51_cudaQuickSortCDP_carolk402.log
2016_09_07_07_33_43_cudaQuickSortCDP_carolk402.log, 1, _Z10qsort_warpPjS_jjP17qsortAtomicData_tP14qsortRingbuf_tjj, 0, rf, 2, 1973965447, 22.7499974443, 0.404910936661, 1,Wed Sep  7 07:33:43 2016 , carolk402 , cudaQuickSortCDP , 1048576 , 1 , 66 , 66 , 7.570494 , 2 , 64 , 0 , 0 ,0 ,0 ,0 ,0 ,1 ,0 ,0 ,0 ,0 ,0 ,0 ,0 , ./2016_09_07_07_33_43_cudaQuickSortCDP_carolk402.log
2016_09_07_07_34_36_cudaQuickSortCDP_carolk402.log, 1, _Z10qsort_warpPjS_jjP17qsortAtomicData_tP14qsortRingbuf_tjj, 0, rf, 2, 315791591, 13.0965018393, 0.887834652629, 1,Wed Sep  7 07:34:36 2016 , carolk402 , cudaQuickSortCDP , 1048576 , 1 , 63 , 63 , 6.4941 , 61 , 2 , 0 , 0 ,0 ,0 ,0 ,0 ,1 ,0 ,0 ,0 ,0 ,0 ,0 ,0 , ./2016_09_07_07_34_36_cudaQuickSortCDP_carolk402.log
2016_09_07_07_38_15_cudaQuickSortCDP_carolk402.log, 1, _Z10qsort_warpPjS_jjP17qsortAtomicData_tP14qsortRingbuf_tjj, 0, rf, 2, 2404783323, 11.9539349251, 0.340254257459, 1,Wed Sep  7 07:38:15 2016 , carolk402 , cudaQuickSortCDP , 1048576 , 1 , 30 , 30 , 5.621994 , 28 , 2 , 0 , 0 ,0 ,0 ,0 ,0 ,1 ,0 ,0 ,0 ,0 ,0 ,0 ,0 , ./2016_09_07_07_38_15_cudaQuickSortCDP_carolk402.log
2016_09_07_07_38_30_cudaQuickSortCDP_carolk402.log, 1, _Z10qsort_warpPjS_jjP17qsortAtomicData_tP14qsortRingbuf_tjj, 0, rf, 2, 2380543706, 7.74171963756, 0.0372806389937, 1,Wed Sep  7 07:38:30 2016 , carolk402 , cudaQuickSortCDP , 1048576 , 1 , 3 , 3 , 5.970355 , 1 , 2 , 0 , 0 ,0 ,0 ,0 ,0 ,1 ,0 ,0 ,0 ,0 ,0 ,0 ,0 , ./2016_09_07_07_38_30_cudaQuickSortCDP_carolk402.log
2016_09_07_07_42_01_cudaQuickSortCDP_carolk402.log, 1, _Z10qsort_warpPjS_jjP17qsortAtomicData_tP14qsortRingbuf_tjj, 0, rf, 2, 1021398654, 1.86916339697, 0.974323347812, 1,Wed Sep  7 07:42:01 2016 , carolk402 , cudaQuickSortCDP , 1048576 , 1 , 130 , 130 , 5.861331 , 2 , 128 , 0 , 0 ,0 ,0 ,0 ,0 ,1 ,0 ,0 ,0 ,0 ,0 ,0 ,0 , ./2016_09_07_07_42_01_cudaQuickSortCDP_carolk402.log
2016_09_07_07_42_20_cudaQuickSortCDP_carolk402.log, 1, _Z10qsort_warpPjS_jjP17qsortAtomicData_tP14qsortRingbuf_tjj, 0, rf, 2, 1645346773, 24.7961453846, 0.569851379507, 1,Wed Sep  7 07:42:20 2016 , carolk402 , cudaQuickSortCDP , 1048576 , 1 , 1 , 1 , 6.425887 , 1 , 0 , 0 , 0 ,1 ,0 ,0 ,0 ,0 ,0 ,0 ,0 ,0 ,0 ,0 ,0 , ./2016_09_07_07_42_20_cudaQuickSortCDP_carolk402.log
2016_09_07_07_43_35_cudaQuickSortCDP_carolk402.log, 1, _Z10qsort_warpPjS_jjP17qsortAtomicData_tP14qsortRingbuf_tjj, 0, rf, 2, 2339060637, 11.9010010557, 0.451851301038, 1,Wed Sep  7 07:43:35 2016 , carolk402 , cudaQuickSortCDP , 1048576 , 1 , 2 , 2 , 5.902779 , 0 , 2 , 0 , 0 ,0 ,1 ,0 ,0 ,0 ,0 ,0 ,0 ,0 ,0 ,0 ,0 , ./2016_09_07_07_43_35_cudaQuickSortCDP_carolk402.log
2016_09_07_07_45_18_cudaQuickSortCDP_carolk402.log, 1, _Z10qsort_warpPjS_jjP17qsortAtomicData_tP14qsortRingbuf_tjj, 0, rf, 2, 2152380773, 3.19706395031, 0.215259008762, 1,Wed Sep  7 07:45:18 2016 , carolk402 , cudaQuickSortCDP , 1048576 , 1 , 7 , 7 , 5.601755 , 5 , 2 , 0 , 0 ,0 ,0 ,0 ,0 ,1 ,0 ,0 ,0 ,0 ,0 ,0 ,0 , ./2016_09_07_07_45_18_cudaQuickSortCDP_carolk402.log
2016_09_07_07_48_58_cudaQuickSortCDP_carolk402.log, 1, _Z10qsort_warpPjS_jjP17qsortAtomicData_tP14qsortRingbuf_tjj, 0, rf, 2, 1386518970, 24.8589611272, 0.388550367232, 1,Wed Sep  7 07:48:58 2016 , carolk402 , cudaQuickSortCDP , 1048576 , 1 , 1 , 1 , 7.684886 , 1 , 0 , 0 , 0 ,1 ,0 ,0 ,0 ,0 ,0 ,0 ,0 ,0 ,0 ,0 ,0 , ./2016_09_07_07_48_58_cudaQuickSortCDP_carolk402.log
2016_09_07_07_52_28_cudaQuickSortCDP_carolk402.log, 1, _Z10qsort_warpPjS_jjP17qsortAtomicData_tP14qsortRingbuf_tjj, 0, rf, 2, 1618179780, 15.5872916815, 0.842889175267, 1,Wed Sep  7 07:52:28 2016 , carolk402 , cudaQuickSortCDP , 1048576 , 1 , 446 , 446 , 5.828516 , 445 , 1 , 0 , 0 ,0 ,0 ,0 ,0 ,1 ,0 ,0 ,0 ,0 ,0 ,0 ,1 , ./2016_09_07_07_52_28_cudaQuickSortCDP_carolk402.log
2016_09_07_07_53_48_cudaQuickSortCDP_carolk402.log, 1, _Z10qsort_warpPjS_jjP17qsortAtomicData_tP14qsortRingbuf_tjj, 0, rf, 2, 210091295, 3.63878476184, 0.307852011639, 1,Wed Sep  7 07:53:48 2016 , carolk402 , cudaQuickSortCDP , 1048576 , 1 , 2 , 2 , 6.362008 , 0 , 2 , 0 , 0 ,0 ,1 ,0 ,0 ,0 ,0 ,0 ,0 ,0 ,0 ,0 ,0 , ./2016_09_07_07_53_48_cudaQuickSortCDP_carolk402.log
2016_09_07_07_55_07_cudaQuickSortCDP_carolk402.log, 1, _Z10qsort_warpPjS_jjP17qsortAtomicData_tP14qsortRingbuf_tjj, 0, rf, 2, 88174324, 24.2634186113, 0.20197510832, 1,Wed Sep  7 07:55:07 2016 , carolk402 , cudaQuickSortCDP , 1048576 , 1 , 1 , 1 , 7.054334 , 1 , 0 , 0 , 0 ,1 ,0 ,0 ,0 ,0 ,0 ,0 ,0 ,0 ,0 ,0 ,0 , ./2016_09_07_07_55_07_cudaQuickSortCDP_carolk402.log
2016_09_07_07_56_26_cudaQuickSortCDP_carolk402.log, 1, _Z10qsort_warpPjS_jjP17qsortAtomicData_tP14qsortRingbuf_tjj, 0, rf, 2, 1079941336, 12.5786916715, 0.941011103991, 1,Wed Sep  7 07:56:26 2016 , carolk402 , cudaQuickSortCDP , 1048576 , 1 , 42 , 42 , 6.665847 , 40 , 2 , 0 , 0 ,0 ,0 ,0 ,0 ,1 ,0 ,0 ,0 ,0 ,0 ,0 ,0 , ./2016_09_07_07_56_26_cudaQuickSortCDP_carolk402.log
2016_09_07_07_58_05_cudaQuickSortCDP_carolk402.log, 1, _Z10qsort_warpPjS_jjP17qsortAtomicData_tP14qsortRingbuf_tjj, 0, rf, 2, 1139770124, 7.52282768403, 0.930838953814, 1,Wed Sep  7 07:58:05 2016 , carolk402 , cudaQuickSortCDP , 1048576 , 1 , 6 , 6 , 5.91783 , 4 , 2 , 0 , 0 ,0 ,0 ,0 ,0 ,1 ,0 ,0 ,0 ,0 ,0 ,0 ,0 , ./2016_09_07_07_58_05_cudaQuickSortCDP_carolk402.log
2016_09_07_08_00_52_cudaQuickSortCDP_carolk402.log, 1, _Z10qsort_warpPjS_jjP17qsortAtomicData_tP14qsortRingbuf_tjj, 0, rf, 2, 2448129511, 3.14955664411, 0.500848217556, 1,Wed Sep  7 08:00:52 2016 , carolk402 , cudaQuickSortCDP , 1048576 , 1 , 9 , 9 , 5.334191 , 7 , 2 , 0 , 0 ,0 ,0 ,0 ,0 ,1 ,0 ,0 ,0 ,0 ,0 ,0 ,0 , ./2016_09_07_08_00_52_cudaQuickSortCDP_carolk402.log
2016_09_07_08_06_16_cudaQuickSortCDP_carolk402.log, 1, _Z10qsort_warpPjS_jjP17qsortAtomicData_tP14qsortRingbuf_tjj, 0, rf, 0, 2158029302, 9.99746161516, 0.185818391346, 1,Wed Sep  7 08:06:16 2016 , carolk402 , cudaQuickSortCDP , 1048576 , 1 , 500 , 4557 , 6.344549 , 0 , 500 , 0 , 0 ,0 ,1 ,0 ,0 ,0 ,0 ,0 ,0 ,0 ,0 ,0 ,1 , ./2016_09_07_08_06_16_cudaQuickSortCDP_carolk402.log
2016_09_07_08_07_34_cudaQuickSortCDP_carolk402.log, 1, _Z10qsort_warpPjS_jjP17qsortAtomicData_tP14qsortRingbuf_tjj, 0, rf, 0, 416625868, 11.2986778886, 0.881806201439, 1,Wed Sep  7 08:07:34 2016 , carolk402 , cudaQuickSortCDP , 1048576 , 1 , 7 , 7 , 6.308737 , 5 , 2 , 0 , 0 ,0 ,0 ,0 ,0 ,1 ,0 ,0 ,0 ,0 ,0 ,0 ,0 , ./2016_09_07_08_07_34_cudaQuickSortCDP_carolk402.log
2016_09_07_08_11_08_cudaQuickSortCDP_carolk402.log, 1, _Z10qsort_warpPjS_jjP17qsortAtomicData_tP14qsortRingbuf_tjj, 0, rf, 0, 1125236689, 8.71753862088, 0.260843878838, 1,Wed Sep  7 08:11:08 2016 , carolk402 , cudaQuickSortCDP , 1048576 , 1 , 136 , 136 , 6.152164 , 125 , 11 , 0 , 0 ,0 ,0 ,0 ,0 ,1 ,0 ,0 ,0 ,0 ,0 ,0 ,0 , ./2016_09_07_08_11_08_cudaQuickSortCDP_carolk402.log
2016_09_07_08_14_09_cudaQuickSortCDP_carolk402.log, 1, _Z10qsort_warpPjS_jjP17qsortAtomicData_tP14qsortRingbuf_tjj, 0, rf, 0, 1621553886, 4.0824523915, 0.492884491023, 1,Wed Sep  7 08:14:09 2016 , carolk402 , cudaQuickSortCDP , 1048576 , 1 , 3 , 3 , 5.976663 , 1 , 2 , 0 , 0 ,0 ,0 ,0 ,0 ,1 ,0 ,0 ,0 ,0 ,0 ,0 ,0 , ./2016_09_07_08_14_09_cudaQuickSortCDP_carolk402.log
2016_09_07_08_14_25_cudaQuickSortCDP_carolk402.log, 1, _Z10qsort_warpPjS_jjP17qsortAtomicData_tP14qsortRingbuf_tjj, 0, rf, 0, 2488616385, 9.2122033493, 0.16973237811, 1,Wed Sep  7 08:14:25 2016 , carolk402 , cudaQuickSortCDP , 1048576 , 1 , 9 , 9 , 5.515801 , 4 , 5 , 0 , 0 ,0 ,0 ,0 ,0 ,1 ,0 ,0 ,0 ,0 ,0 ,0 ,0 , ./2016_09_07_08_14_25_cudaQuickSortCDP_carolk402.log
2016_09_07_08_18_31_cudaQuickSortCDP_carolk402.log, 1, _Z10qsort_warpPjS_jjP17qsortAtomicData_tP14qsortRingbuf_tjj, 0, rf, 0, 1604763697, 9.77913235423, 0.065806073112, 1,Wed Sep  7 08:18:31 2016 , carolk402 , cudaQuickSortCDP , 1048576 , 1 , 56 , 56 , 6.467206 , 43 , 13 , 0 , 0 ,0 ,0 ,0 ,0 ,1 ,0 ,0 ,0 ,0 ,0 ,0 ,1 , ./2016_09_07_08_18_31_cudaQuickSortCDP_carolk402.log
2016_09_07_08_18_59_cudaQuickSortCDP_carolk402.log, 1, _Z10qsort_warpPjS_jjP17qsortAtomicData_tP14qsortRingbuf_tjj, 0, rf, 0, 1224445958, 0.785144614702, 0.10495608876, 1,Wed Sep  7 08:18:59 2016 , carolk402 , cudaQuickSortCDP , 1048576 , 1 , 2 , 2 , 5.575589 , 0 , 2 , 0 , 0 ,0 ,1 ,0 ,0 ,0 ,0 ,0 ,0 ,0 ,0 ,0 ,0 , ./2016_09_07_08_18_59_cudaQuickSortCDP_carolk402.log
2016_09_07_08_21_54_cudaQuickSortCDP_carolk402.log, 1, _Z10qsort_warpPjS_jjP17qsortAtomicData_tP14qsortRingbuf_tjj, 0, rf, 0, 2338348834, 5.45950025267, 0.408673012617, 1,Wed Sep  7 08:21:54 2016 , carolk402 , cudaQuickSortCDP , 1048576 , 1 , 500 , 1342 , 6.333022 , 88 , 412 , 0 , 0 ,0 ,0 ,0 ,0 ,1 ,0 ,0 ,0 ,0 ,0 ,0 ,1 , ./2016_09_07_08_21_54_cudaQuickSortCDP_carolk402.log
2016_09_07_08_22_30_cudaQuickSortCDP_carolk402.log, 1, _Z10qsort_warpPjS_jjP17qsortAtomicData_tP14qsortRingbuf_tjj, 0, rf, 0, 949101076, 9.95808316599, 0.380357849455, 1,Wed Sep  7 08:22:30 2016 , carolk402 , cudaQuickSortCDP , 1048576 , 1 , 2 , 2 , 5.567344 , 1 , 1 , 0 , 0 ,0 ,0 ,0 ,0 ,1 ,0 ,0 ,0 ,0 ,0 ,0 ,1 , ./2016_09_07_08_22_30_cudaQuickSortCDP_carolk402.log
2016_09_07_08_24_47_cudaQuickSortCDP_carolk402.log, 1, _Z10qsort_warpPjS_jjP17qsortAtomicData_tP14qsortRingbuf_tjj, 0, rf, 0, 1070169654, 3.25560639196, 0.203294781611, 1,Wed Sep  7 08:24:47 2016 , carolk402 , cudaQuickSortCDP , 1048576 , 1 , 371 , 371 , 6.031519 , 59 , 312 , 0 , 0 ,0 ,0 ,0 ,0 ,1 ,0 ,0 ,0 ,0 ,0 ,0 ,1 , ./2016_09_07_08_24_47_cudaQuickSortCDP_carolk402.log
2016_09_07_08_26_31_cudaQuickSortCDP_carolk402.log, 1, _Z10qsort_warpPjS_jjP17qsortAtomicData_tP14qsortRingbuf_tjj, 0, rf, 0, 1115737533, 3.88096784985, 0.424223490018, 1,Wed Sep  7 08:26:31 2016 , carolk402 , cudaQuickSortCDP , 1048576 , 1 , 7 , 7 , 5.417636 , 3 , 4 , 0 , 0 ,0 ,0 ,0 ,0 ,1 ,0 ,0 ,0 ,0 ,0 ,0 ,0 , ./2016_09_07_08_26_31_cudaQuickSortCDP_carolk402.log
2016_09_07_08_27_38_cudaQuickSortCDP_carolk402.log, 1, _Z10qsort_warpPjS_jjP17qsortAtomicData_tP14qsortRingbuf_tjj, 0, rf, 0, 1241342724, 12.8097499146, 0.379906426333, 1,Wed Sep  7 08:27:38 2016 , carolk402 , cudaQuickSortCDP , 1048576 , 1 , 471 , 471 , 5.82113 , 463 , 8 , 0 , 0 ,0 ,0 ,0 ,0 ,1 ,0 ,0 ,0 ,0 ,0 ,0 ,1 , ./2016_09_07_08_27_38_cudaQuickSortCDP_carolk402.log
2016_09_07_08_28_58_cudaQuickSortCDP_carolk402.log, 1, _Z10qsort_warpPjS_jjP17qsortAtomicData_tP14qsortRingbuf_tjj, 0, rf, 0, 573321074, 13.0579929443, 0.875544771168, 1,Wed Sep  7 08:28:58 2016 , carolk402 , cudaQuickSortCDP , 1048576 , 1 , 3 , 3 , 5.581531 , 1 , 2 , 0 , 0 ,0 ,0 ,0 ,0 ,1 ,0 ,0 ,0 ,0 ,0 ,0 ,0 , ./2016_09_07_08_28_58_cudaQuickSortCDP_carolk402.log
2016_09_07_08_30_57_cudaQuickSortCDP_carolk402.log, 1, _Z10qsort_warpPjS_jjP17qsortAtomicData_tP14qsortRingbuf_tjj, 0, rf, 0, 391124414, 15.8773282782, 0.357998382952, 1,Wed Sep  7 08:30:57 2016 , carolk402 , cudaQuickSortCDP , 1048576 , 1 , 236 , 236 , 5.40282 , 232 , 4 , 0 , 0 ,0 ,0 ,0 ,0 ,1 ,0 ,0 ,0 ,0 ,0 ,0 ,1 , ./2016_09_07_08_30_57_cudaQuickSortCDP_carolk402.log
2016_09_07_08_32_41_cudaQuickSortCDP_carolk402.log, 1, _Z10qsort_warpPjS_jjP17qsortAtomicData_tP14qsortRingbuf_tjj, 0, rf, 0, 1790511475, 6.4100828945, 0.779254852417, 1,Wed Sep  7 08:32:41 2016 , carolk402 , cudaQuickSortCDP , 1048576 , 1 , 33 , 33 , 5.200547 , 31 , 2 , 0 , 0 ,0 ,0 ,0 ,0 ,1 ,0 ,0 ,0 ,0 ,0 ,0 ,0 , ./2016_09_07_08_32_41_cudaQuickSortCDP_carolk402.log
2016_09_07_08_33_01_cudaQuickSortCDP_carolk402.log, 1, _Z10qsort_warpPjS_jjP17qsortAtomicData_tP14qsortRingbuf_tjj, 0, rf, 0, 2053083907, 15.3667937449, 0.54966054203, 1,Wed Sep  7 08:33:01 2016 , carolk402 , cudaQuickSortCDP , 1048576 , 1 , 126 , 126 , 5.520724 , 126 , 0 , 0 , 0 ,1 ,0 ,0 ,0 ,0 ,0 ,0 ,0 ,0 ,0 ,0 ,0 , ./2016_09_07_08_33_01_cudaQuickSortCDP_carolk402.log
2016_09_07_08_33_41_cudaQuickSortCDP_carolk402.log, 1, _Z10qsort_warpPjS_jjP17qsortAtomicData_tP14qsortRingbuf_tjj, 0, rf, 0, 1319706968, 6.81731198131, 0.678157371096, 1,Wed Sep  7 08:33:41 2016 , carolk402 , cudaQuickSortCDP , 1048576 , 1 , 500 , 7561 , 27.520326 , 0 , 500 , 0 , 0 ,0 ,1 ,0 ,0 ,0 ,0 ,0 ,0 ,0 ,0 ,0 ,1 , ./2016_09_07_08_33_41_cudaQuickSortCDP_carolk402.log
2016_09_07_08_37_56_cudaQuickSortCDP_carolk402.log, 1, _Z10qsort_warpPjS_jjP17qsortAtomicData_tP14qsortRingbuf_tjj, 0, rf, 0, 312408197, 4.49443601775, 0.294781452694, 1,Wed Sep  7 08:37:56 2016 , carolk402 , cudaQuickSortCDP , 1048576 , 1 , 350 , 350 , 6.108535 , 318 , 32 , 0 , 0 ,0 ,0 ,0 ,0 ,1 ,0 ,0 ,0 ,0 ,0 ,0 ,1 , ./2016_09_07_08_37_56_cudaQuickSortCDP_carolk402.log
2016_09_07_08_41_57_cudaQuickSortCDP_carolk402.log, 1, _Z10qsort_warpPjS_jjP17qsortAtomicData_tP14qsortRingbuf_tjj, 0, rf, 0, 671137109, 24.0275390803, 0.846770969381, 1,Wed Sep  7 08:41:57 2016 , carolk402 , cudaQuickSortCDP , 1048576 , 1 , 1 , 1 , 5.806444 , 1 , 0 , 0 , 0 ,1 ,0 ,0 ,0 ,0 ,0 ,0 ,0 ,0 ,0 ,0 ,0 , ./2016_09_07_08_41_57_cudaQuickSortCDP_carolk402.log
2016_09_07_08_42_40_cudaQuickSortCDP_carolk402.log, 1, _Z10qsort_warpPjS_jjP17qsortAtomicData_tP14qsortRingbuf_tjj, 0, rf, 0, 1672201379, 5.94911046389, 0.672546631815, 1,Wed Sep  7 08:42:40 2016 , carolk402 , cudaQuickSortCDP , 1048576 , 1 , 500 , 2175 , 7.206477 , 27 , 473 , 0 , 0 ,0 ,0 ,0 ,0 ,1 ,0 ,0 ,0 ,0 ,0 ,0 ,1 , ./2016_09_07_08_42_40_cudaQuickSortCDP_carolk402.log
2016_09_07_08_45_47_cudaQuickSortCDP_carolk402.log, 1, _Z10qsort_warpPjS_jjP17qsortAtomicData_tP14qsortRingbuf_tjj, 0, rf, 0, 1465201918, 5.67642455857, 0.632121045841, 1,Wed Sep  7 08:45:47 2016 , carolk402 , cudaQuickSortCDP , 1048576 , 1 , 500 , 1172 , 7.172766 , 181 , 319 , 0 , 0 ,0 ,0 ,0 ,0 ,1 ,0 ,0 ,0 ,0 ,0 ,0 ,1 , ./2016_09_07_08_45_47_cudaQuickSortCDP_carolk402.log
2016_09_07_08_46_18_cudaQuickSortCDP_carolk402.log, 1, _Z10qsort_warpPjS_jjP17qsortAtomicData_tP14qsortRingbuf_tjj, 0, rf, 0, 2429121070, 5.31901089072, 0.214086864205, 1,Wed Sep  7 08:46:18 2016 , carolk402 , cudaQuickSortCDP , 1048576 , 1 , 38 , 38 , 6.145083 , 34 , 4 , 0 , 0 ,0 ,0 ,0 ,0 ,1 ,0 ,0 ,0 ,0 ,0 ,0 ,1 , ./2016_09_07_08_46_18_cudaQuickSortCDP_carolk402.log
2016_09_07_08_48_34_cudaQuickSortCDP_carolk402.log, 1, _Z10qsort_warpPjS_jjP17qsortAtomicData_tP14qsortRingbuf_tjj, 0, rf, 0, 1497669383, 13.0191891848, 0.295381019501, 1,Wed Sep  7 08:48:34 2016 , carolk402 , cudaQuickSortCDP , 1048576 , 1 , 2 , 2 , 7.22179 , 0 , 2 , 0 , 0 ,0 ,1 ,0 ,0 ,0 ,0 ,0 ,0 ,0 ,0 ,0 ,0 , ./2016_09_07_08_48_34_cudaQuickSortCDP_carolk402.log
2016_09_07_08_48_54_cudaQuickSortCDP_carolk402.log, 1, _Z10qsort_warpPjS_jjP17qsortAtomicData_tP14qsortRingbuf_tjj, 0, rf, 0, 2030362084, 0.781192825222, 0.290224270992, 1,Wed Sep  7 08:48:54 2016 , carolk402 , cudaQuickSortCDP , 1048576 , 1 , 2 , 2 , 5.705032 , 0 , 2 , 0 , 0 ,0 ,1 ,0 ,0 ,0 ,0 ,0 ,0 ,0 ,0 ,0 ,0 , ./2016_09_07_08_48_54_cudaQuickSortCDP_carolk402.log
2016_09_07_08_51_24_cudaQuickSortCDP_carolk402.log, 1, _Z10qsort_warpPjS_jjP17qsortAtomicData_tP14qsortRingbuf_tjj, 0, rf, 0, 1569586824, 5.38375287878, 0.603721706715, 1,Wed Sep  7 08:51:24 2016 , carolk402 , cudaQuickSortCDP , 1048576 , 1 , 356 , 356 , 6.457554 , 246 , 110 , 0 , 0 ,0 ,0 ,0 ,0 ,1 ,0 ,0 ,0 ,0 ,0 ,0 ,1 , ./2016_09_07_08_51_24_cudaQuickSortCDP_carolk402.log
2016_09_07_08_53_11_cudaQuickSortCDP_carolk402.log, 1, _Z10qsort_warpPjS_jjP17qsortAtomicData_tP14qsortRingbuf_tjj, 0, rf, 0, 2602991295, 11.7235580113, 0.26260937275, 1,Wed Sep  7 08:53:11 2016 , carolk402 , cudaQuickSortCDP , 1048576 , 1 , 43 , 43 , 7.111847 , 32 , 11 , 0 , 0 ,0 ,0 ,0 ,0 ,1 ,0 ,0 ,0 ,0 ,0 ,0 ,1 , ./2016_09_07_08_53_11_cudaQuickSortCDP_carolk402.log
2016_09_07_08_53_45_cudaQuickSortCDP_carolk402.log, 1, _Z10qsort_warpPjS_jjP17qsortAtomicData_tP14qsortRingbuf_tjj, 0, rf, 0, 824064172, 7.64174091605, 0.434806609531, 1,Wed Sep  7 08:53:45 2016 , carolk402 , cudaQuickSortCDP , 1048576 , 1 , 268 , 268 , 5.916829 , 109 , 159 , 0 , 0 ,0 ,0 ,0 ,0 ,1 ,0 ,0 ,0 ,0 ,0 ,0 ,1 , ./2016_09_07_08_53_45_cudaQuickSortCDP_carolk402.log
2016_09_07_08_55_03_cudaQuickSortCDP_carolk402.log, 1, _Z10qsort_warpPjS_jjP17qsortAtomicData_tP14qsortRingbuf_tjj, 0, rf, 0, 2241841314, 13.8512496501, 0.874271642587, 1,Wed Sep  7 08:55:03 2016 , carolk402 , cudaQuickSortCDP , 1048576 , 1 , 6 , 6 , 5.888128 , 6 , 0 , 0 , 0 ,1 ,0 ,0 ,0 ,0 ,0 ,0 ,0 ,0 ,0 ,0 ,0 , ./2016_09_07_08_55_03_cudaQuickSortCDP_carolk402.log
2016_09_07_08_55_22_cudaQuickSortCDP_carolk402.log, 1, _Z10qsort_warpPjS_jjP17qsortAtomicData_tP14qsortRingbuf_tjj, 0, rf, 0, 623847384, 9.96902121374, 0.214468490312, 1,Wed Sep  7 08:55:22 2016 , carolk402 , cudaQuickSortCDP , 1048576 , 1 , 55 , 55 , 5.436537 , 54 , 1 , 0 , 0 ,0 ,0 ,0 ,0 ,1 ,0 ,0 ,0 ,0 ,0 ,0 ,1 , ./2016_09_07_08_55_22_cudaQuickSortCDP_carolk402.log
2016_09_07_08_56_03_cudaQuickSortCDP_carolk402.log, 1, _Z10qsort_warpPjS_jjP17qsortAtomicData_tP14qsortRingbuf_tjj, 0, rf, 2, 1530636760, 24.6030741657, 0.0571328260349, 1,Wed Sep  7 08:56:03 2016 , carolk402 , cudaQuickSortCDP , 1048576 , 1 , 1 , 1 , 5.518162 , 1 , 0 , 0 , 0 ,1 ,0 ,0 ,0 ,0 ,0 ,0 ,0 ,0 ,0 ,0 ,0 , ./2016_09_07_08_56_03_cudaQuickSortCDP_carolk402.log
2016_09_07_08_57_05_cudaQuickSortCDP_carolk402.log, 1, _Z10qsort_warpPjS_jjP17qsortAtomicData_tP14qsortRingbuf_tjj, 0, rf, 2, 1832754618, 10.8353864219, 0.539677285418, 1,Wed Sep  7 08:57:05 2016 , carolk402 , cudaQuickSortCDP , 1048576 , 1 , 2 , 2 , 6.411764 , 0 , 2 , 0 , 0 ,0 ,1 ,0 ,0 ,0 ,0 ,0 ,0 ,0 ,0 ,0 ,0 , ./2016_09_07_08_57_05_cudaQuickSortCDP_carolk402.log
2016_09_07_09_01_55_cudaQuickSortCDP_carolk402.log, 1, _Z10qsort_warpPjS_jjP17qsortAtomicData_tP14qsortRingbuf_tjj, 0, rf, 2, 460703841, 9.52181836612, 0.549019151763, 1,Wed Sep  7 09:01:55 2016 , carolk402 , cudaQuickSortCDP , 1048576 , 1 , 5 , 5 , 5.812226 , 5 , 0 , 0 , 0 ,1 ,0 ,0 ,0 ,0 ,0 ,0 ,0 ,0 ,0 ,0 ,0 , ./2016_09_07_09_01_55_cudaQuickSortCDP_carolk402.log
2016_09_07_09_04_05_cudaQuickSortCDP_carolk402.log, 1, _Z10qsort_warpPjS_jjP17qsortAtomicData_tP14qsortRingbuf_tjj, 0, rf, 2, 1384958804, 2.64874757014, 0.911043697555, 1,Wed Sep  7 09:04:05 2016 , carolk402 , cudaQuickSortCDP , 1048576 , 1 , 500 , 779 , 5.903869 , 488 , 12 , 0 , 0 ,0 ,0 ,0 ,0 ,1 ,0 ,0 ,0 ,0 ,0 ,0 ,1 , ./2016_09_07_09_04_05_cudaQuickSortCDP_carolk402.log
2016_09_07_09_09_08_cudaQuickSortCDP_carolk402.log, 1, _Z10qsort_warpPjS_jjP17qsortAtomicData_tP14qsortRingbuf_tjj, 0, rf, 2, 2448269751, 15.0829878721, 0.497762191026, 1,Wed Sep  7 09:09:08 2016 , carolk402 , cudaQuickSortCDP , 1048576 , 1 , 79 , 79 , 6.61141 , 78 , 1 , 0 , 0 ,0 ,0 ,0 ,0 ,1 ,0 ,0 ,0 ,0 ,0 ,0 ,1 , ./2016_09_07_09_09_08_cudaQuickSortCDP_carolk402.log
2016_09_07_09_09_24_cudaQuickSortCDP_carolk402.log, 1, _Z10qsort_warpPjS_jjP17qsortAtomicData_tP14qsortRingbuf_tjj, 0, rf, 2, 415471155, 10.8724505676, 0.919468895149, 1,Wed Sep  7 09:09:24 2016 , carolk402 , cudaQuickSortCDP , 1048576 , 1 , 3 , 3 , 6.479827 , 1 , 2 , 0 , 0 ,0 ,0 ,0 ,0 ,1 ,0 ,0 ,0 ,0 ,0 ,0 ,0 , ./2016_09_07_09_09_24_cudaQuickSortCDP_carolk402.log
2016_09_07_09_10_52_cudaQuickSortCDP_carolk402.log, 1, _Z10qsort_warpPjS_jjP17qsortAtomicData_tP14qsortRingbuf_tjj, 0, rf, 2, 2627650438, 13.398406456, 7.44649254615e-05, 1,Wed Sep  7 09:10:52 2016 , carolk402 , cudaQuickSortCDP , 1048576 , 1 , 31 , 31 , 5.362472 , 29 , 2 , 0 , 0 ,0 ,0 ,0 ,0 ,1 ,0 ,0 ,0 ,0 ,0 ,0 ,0 , ./2016_09_07_09_10_52_cudaQuickSortCDP_carolk402.log
2016_09_07_09_11_14_cudaQuickSortCDP_carolk402.log, 1, _Z10qsort_warpPjS_jjP17qsortAtomicData_tP14qsortRingbuf_tjj, 0, rf, 2, 695018363, 9.86314513382, 0.964615461481, 1,Wed Sep  7 09:11:14 2016 , carolk402 , cudaQuickSortCDP , 1048576 , 1 , 500 , 1035 , 5.717077 , 499 , 1 , 0 , 0 ,0 ,0 ,0 ,0 ,1 ,0 ,0 ,0 ,0 ,0 ,0 ,1 , ./2016_09_07_09_11_14_cudaQuickSortCDP_carolk402.log
2016_09_07_09_13_16_cudaQuickSortCDP_carolk402.log, 1, _Z10qsort_warpPjS_jjP17qsortAtomicData_tP14qsortRingbuf_tjj, 0, rf, 2, 318465152, 11.7168756803, 0.529591343818, 1,Wed Sep  7 09:13:16 2016 , carolk402 , cudaQuickSortCDP , 1048576 , 1 , 23 , 23 , 6.295081 , 21 , 2 , 0 , 0 ,0 ,0 ,0 ,0 ,1 ,0 ,0 ,0 ,0 ,0 ,0 ,0 , ./2016_09_07_09_13_16_cudaQuickSortCDP_carolk402.log
2016_09_07_09_19_48_cudaQuickSortCDP_carolk402.log, 1, _Z10qsort_warpPjS_jjP17qsortAtomicData_tP14qsortRingbuf_tjj, 0, rf, 2, 1268814102, 13.4297468806, 0.628974770466, 1,Wed Sep  7 09:19:48 2016 , carolk402 , cudaQuickSortCDP , 1048576 , 1 , 156 , 156 , 6.284406 , 154 , 2 , 0 , 0 ,0 ,0 ,0 ,0 ,1 ,0 ,0 ,0 ,0 ,0 ,0 ,0 , ./2016_09_07_09_19_48_cudaQuickSortCDP_carolk402.log
2016_09_07_09_22_14_cudaQuickSortCDP_carolk402.log, 1, _Z10qsort_warpPjS_jjP17qsortAtomicData_tP14qsortRingbuf_tjj, 0, rf, 2, 347572123, 15.2115764425, 0.945830472236, 1,Wed Sep  7 09:22:14 2016 , carolk402 , cudaQuickSortCDP , 1048576 , 1 , 123 , 123 , 5.910263 , 123 , 0 , 0 , 0 ,1 ,0 ,0 ,0 ,0 ,0 ,0 ,0 ,0 ,0 ,0 ,0 , ./2016_09_07_09_22_14_cudaQuickSortCDP_carolk402.log
2016_09_07_09_22_49_cudaQuickSortCDP_carolk402.log, 1, _Z10qsort_warpPjS_jjP17qsortAtomicData_tP14qsortRingbuf_tjj, 0, rf, 2, 2307303071, 5.06868335866, 0.00495693464739, 1,Wed Sep  7 09:22:49 2016 , carolk402 , cudaQuickSortCDP , 1048576 , 1 , 500 , 681 , 5.736732 , 294 , 206 , 0 , 0 ,0 ,0 ,0 ,0 ,1 ,0 ,0 ,0 ,0 ,0 ,0 ,0 , ./2016_09_07_09_22_49_cudaQuickSortCDP_carolk402.log
2016_09_07_09_23_34_cudaQuickSortCDP_carolk402.log, 1, _Z10qsort_warpPjS_jjP17qsortAtomicData_tP14qsortRingbuf_tjj, 0, rf, 2, 1566709514, 10.748838708, 0.0566931319692, 1,Wed Sep  7 09:23:34 2016 , carolk402 , cudaQuickSortCDP , 1048576 , 1 , 3 , 3 , 5.49499 , 1 , 2 , 0 , 0 ,0 ,0 ,0 ,0 ,1 ,0 ,0 ,0 ,0 ,0 ,0 ,0 , ./2016_09_07_09_23_34_cudaQuickSortCDP_carolk402.log
2016_09_07_09_24_45_cudaQuickSortCDP_carolk402.log, 1, _Z10qsort_warpPjS_jjP17qsortAtomicData_tP14qsortRingbuf_tjj, 0, rf, 2, 2465700979, 10.7482962184, 0.127264221804, 1,Wed Sep  7 09:24:45 2016 , carolk402 , cudaQuickSortCDP , 1048576 , 1 , 11 , 11 , 6.000854 , 9 , 2 , 0 , 0 ,0 ,0 ,0 ,0 ,1 ,0 ,0 ,0 ,0 ,0 ,0 ,0 , ./2016_09_07_09_24_45_cudaQuickSortCDP_carolk402.log
2016_09_07_09_25_11_cudaQuickSortCDP_carolk402.log, 1, _Z10qsort_warpPjS_jjP17qsortAtomicData_tP14qsortRingbuf_tjj, 0, rf, 2, 971397977, 13.9395456046, 0.365554804251, 1,Wed Sep  7 09:25:11 2016 , carolk402 , cudaQuickSortCDP , 1048576 , 1 , 11 , 11 , 6.09019 , 9 , 2 , 0 , 0 ,0 ,0 ,0 ,0 ,1 ,0 ,0 ,0 ,0 ,0 ,0 ,0 , ./2016_09_07_09_25_11_cudaQuickSortCDP_carolk402.log
2016_09_07_09_26_27_cudaQuickSortCDP_carolk402.log, 1, _Z10qsort_warpPjS_jjP17qsortAtomicData_tP14qsortRingbuf_tjj, 0, rf, 2, 1845448456, 7.67361604963, 0.0675138422842, 1,Wed Sep  7 09:26:27 2016 , carolk402 , cudaQuickSortCDP , 1048576 , 1 , 19 , 19 , 6.67849 , 17 , 2 , 0 , 0 ,0 ,0 ,0 ,0 ,1 ,0 ,0 ,0 ,0 ,0 ,0 ,0 , ./2016_09_07_09_26_27_cudaQuickSortCDP_carolk402.log
2016_09_07_09_32_37_cudaQuickSortCDP_carolk402.log, 1, _Z10qsort_warpPjS_jjP17qsortAtomicData_tP14qsortRingbuf_tjj, 0, rf, 2, 1733564620, 6.60969792696, 0.31328610036, 1,Wed Sep  7 09:32:37 2016 , carolk402 , cudaQuickSortCDP , 1048576 , 1 , 2 , 2 , 6.654491 , 0 , 2 , 0 , 0 ,0 ,1 ,0 ,0 ,0 ,0 ,0 ,0 ,0 ,0 ,0 ,0 , ./2016_09_07_09_32_37_cudaQuickSortCDP_carolk402.log
2016_09_07_09_33_00_cudaQuickSortCDP_carolk402.log, 1, _Z10qsort_warpPjS_jjP17qsortAtomicData_tP14qsortRingbuf_tjj, 0, rf, 2, 254093716, 11.9462541018, 0.793119199354, 1,Wed Sep  7 09:33:00 2016 , carolk402 , cudaQuickSortCDP , 1048576 , 1 , 3 , 3 , 5.365885 , 1 , 2 , 0 , 0 ,0 ,0 ,0 ,0 ,1 ,0 ,0 ,0 ,0 ,0 ,0 ,0 , ./2016_09_07_09_33_00_cudaQuickSortCDP_carolk402.log
2016_09_07_09_42_52_cudaQuickSortCDP_carolk402.log, 1, _Z10qsort_warpPjS_jjP17qsortAtomicData_tP14qsortRingbuf_tjj, 0, rf, 2, 1506317660, 1.15158440138, 0.10912394293, 1,Wed Sep  7 09:42:52 2016 , carolk402 , cudaQuickSortCDP , 1048576 , 1 , 66 , 66 , 5.855941 , 2 , 64 , 0 , 0 ,0 ,0 ,0 ,0 ,1 ,0 ,0 ,0 ,0 ,0 ,0 ,0 , ./2016_09_07_09_42_52_cudaQuickSortCDP_carolk402.log
2016_09_07_09_43_07_cudaQuickSortCDP_carolk402.log, 1, _Z10qsort_warpPjS_jjP17qsortAtomicData_tP14qsortRingbuf_tjj, 0, rf, 2, 493155851, 0.883785357827, 0.427410720071, 1,Wed Sep  7 09:43:07 2016 , carolk402 , cudaQuickSortCDP , 1048576 , 1 , 130 , 130 , 6.114595 , 2 , 128 , 0 , 0 ,0 ,0 ,0 ,0 ,1 ,0 ,0 ,0 ,0 ,0 ,0 ,0 , ./2016_09_07_09_43_07_cudaQuickSortCDP_carolk402.log
2016_09_07_09_44_27_cudaQuickSortCDP_carolk402.log, 1, _Z10qsort_warpPjS_jjP17qsortAtomicData_tP14qsortRingbuf_tjj, 0, rf, 2, 2384859115, 6.98506928818, 0.245762045401, 1,Wed Sep  7 09:44:27 2016 , carolk402 , cudaQuickSortCDP , 1048576 , 1 , 7 , 7 , 5.573995 , 5 , 2 , 0 , 0 ,0 ,0 ,0 ,0 ,1 ,0 ,0 ,0 ,0 ,0 ,0 ,0 , ./2016_09_07_09_44_27_cudaQuickSortCDP_carolk402.log
2016_09_07_09_45_49_cudaQuickSortCDP_carolk402.log, 1, _Z10qsort_warpPjS_jjP17qsortAtomicData_tP14qsortRingbuf_tjj, 0, rf, 2, 298899736, 6.90155950743, 0.727735765993, 1,Wed Sep  7 09:45:49 2016 , carolk402 , cudaQuickSortCDP , 1048576 , 1 , 3 , 3 , 5.652748 , 1 , 2 , 0 , 0 ,0 ,0 ,0 ,0 ,1 ,0 ,0 ,0 ,0 ,0 ,0 ,0 , ./2016_09_07_09_45_49_cudaQuickSortCDP_carolk402.log
2016_09_07_09_47_51_cudaQuickSortCDP_carolk402.log, 1, _Z10qsort_warpPjS_jjP17qsortAtomicData_tP14qsortRingbuf_tjj, 0, rf, 2, 2416085540, 5.44176524544, 0.89487664764, 1,Wed Sep  7 09:47:51 2016 , carolk402 , cudaQuickSortCDP , 1048576 , 1 , 500 , 26273 , 6.473801 , 500 , 0 , 0 , 0 ,1 ,0 ,0 ,0 ,0 ,0 ,0 ,0 ,0 ,0 ,0 ,0 , ./2016_09_07_09_47_51_cudaQuickSortCDP_carolk402.log
2016_09_07_09_50_08_cudaQuickSortCDP_carolk402.log, 1, _Z10qsort_warpPjS_jjP17qsortAtomicData_tP14qsortRingbuf_tjj, 0, rf, 2, 1382781586, 13.9921151883, 0.939245342253, 1,Wed Sep  7 09:50:08 2016 , carolk402 , cudaQuickSortCDP , 1048576 , 1 , 124 , 124 , 6.067131 , 122 , 2 , 0 , 0 ,0 ,0 ,0 ,0 ,1 ,0 ,0 ,0 ,0 ,0 ,0 ,0 , ./2016_09_07_09_50_08_cudaQuickSortCDP_carolk402.log
2016_09_07_09_51_59_cudaQuickSortCDP_carolk402.log, 1, _Z10qsort_warpPjS_jjP17qsortAtomicData_tP14qsortRingbuf_tjj, 0, rf, 2, 1962204696, 13.522323148, 0.0267623268, 1,Wed Sep  7 09:51:59 2016 , carolk402 , cudaQuickSortCDP , 1048576 , 1 , 13 , 13 , 5.153526 , 11 , 2 , 0 , 0 ,0 ,0 ,0 ,0 ,1 ,0 ,0 ,0 ,0 ,0 ,0 ,0 , ./2016_09_07_09_51_59_cudaQuickSortCDP_carolk402.log
2016_09_07_09_53_44_cudaQuickSortCDP_carolk402.log, 1, _Z10qsort_warpPjS_jjP17qsortAtomicData_tP14qsortRingbuf_tjj, 0, rf, 0, 572633485, 3.57598712371, 0.143977592287, 1,Wed Sep  7 09:53:44 2016 , carolk402 , cudaQuickSortCDP , 1048576 , 1 , 3 , 3 , 6.204147 , 1 , 2 , 0 , 0 ,0 ,0 ,0 ,0 ,1 ,0 ,0 ,0 ,0 ,0 ,0 ,0 , ./2016_09_07_09_53_44_cudaQuickSortCDP_carolk402.log
2016_09_07_09_55_56_cudaQuickSortCDP_carolk402.log, 1, _Z10qsort_warpPjS_jjP17qsortAtomicData_tP14qsortRingbuf_tjj, 0, rf, 0, 2610195082, 7.06482289842, 0.475766709593, 1,Wed Sep  7 09:55:56 2016 , carolk402 , cudaQuickSortCDP , 1048576 , 1 , 2 , 2 , 5.491315 , 0 , 2 , 0 , 0 ,0 ,1 ,0 ,0 ,0 ,0 ,0 ,0 ,0 ,0 ,0 ,0 , ./2016_09_07_09_55_56_cudaQuickSortCDP_carolk402.log
2016_09_07_09_57_16_cudaQuickSortCDP_carolk402.log, 1, _Z10qsort_warpPjS_jjP17qsortAtomicData_tP14qsortRingbuf_tjj, 0, rf, 0, 1154581991, 8.50032656066, 0.0673327771158, 1,Wed Sep  7 09:57:16 2016 , carolk402 , cudaQuickSortCDP , 1048576 , 1 , 175 , 175 , 6.271475 , 159 , 16 , 0 , 0 ,0 ,0 ,0 ,0 ,1 ,0 ,0 ,0 ,0 ,0 ,0 ,0 , ./2016_09_07_09_57_16_cudaQuickSortCDP_carolk402.log
2016_09_07_10_01_29_cudaQuickSortCDP_carolk402.log, 1, _Z10qsort_warpPjS_jjP17qsortAtomicData_tP14qsortRingbuf_tjj, 0, rf, 0, 1137068634, 3.00513977383, 0.729298462291, 1,Wed Sep  7 10:01:29 2016 , carolk402 , cudaQuickSortCDP , 1048576 , 1 , 68 , 68 , 5.566002 , 64 , 4 , 0 , 0 ,0 ,0 ,0 ,0 ,1 ,0 ,0 ,0 ,0 ,0 ,0 ,0 , ./2016_09_07_10_01_29_cudaQuickSortCDP_carolk402.log
2016_09_07_10_03_02_cudaQuickSortCDP_carolk402.log, 1, _Z10qsort_warpPjS_jjP17qsortAtomicData_tP14qsortRingbuf_tjj, 0, rf, 0, 2555984258, 7.36484013027, 0.495729761779, 1,Wed Sep  7 10:03:02 2016 , carolk402 , cudaQuickSortCDP , 1048576 , 1 , 4 , 4 , 6.356173 , 2 , 2 , 0 , 0 ,0 ,0 ,0 ,0 ,1 ,0 ,0 ,0 ,0 ,0 ,0 ,0 , ./2016_09_07_10_03_02_cudaQuickSortCDP_carolk402.log
2016_09_07_10_04_37_cudaQuickSortCDP_carolk402.log, 1, _Z10qsort_warpPjS_jjP17qsortAtomicData_tP14qsortRingbuf_tjj, 0, rf, 0, 407798954, 11.5642585283, 0.90883634886, 1,Wed Sep  7 10:04:37 2016 , carolk402 , cudaQuickSortCDP , 1048576 , 1 , 38 , 38 , 6.459684 , 36 , 2 , 0 , 0 ,0 ,0 ,0 ,0 ,1 ,0 ,0 ,0 ,0 ,0 ,0 ,0 , ./2016_09_07_10_04_37_cudaQuickSortCDP_carolk402.log
2016_09_07_10_04_59_cudaQuickSortCDP_carolk402.log, 1, _Z10qsort_warpPjS_jjP17qsortAtomicData_tP14qsortRingbuf_tjj, 0, rf, 0, 1882806967, 7.58201539779, 0.784280339887, 1,Wed Sep  7 10:04:59 2016 , carolk402 , cudaQuickSortCDP , 1048576 , 1 , 4 , 4 , 8.019999 , 2 , 2 , 0 , 0 ,0 ,0 ,0 ,0 ,1 ,0 ,0 ,0 ,0 ,0 ,0 ,0 , ./2016_09_07_10_04_59_cudaQuickSortCDP_carolk402.log
2016_09_07_10_05_47_cudaQuickSortCDP_carolk402.log, 1, _Z10qsort_warpPjS_jjP17qsortAtomicData_tP14qsortRingbuf_tjj, 0, rf, 0, 129057855, 24.0107390366, 0.839510199126, 1,Wed Sep  7 10:05:47 2016 , carolk402 , cudaQuickSortCDP , 1048576 , 1 , 1 , 1 , 6.942935 , 1 , 0 , 0 , 0 ,1 ,0 ,0 ,0 ,0 ,0 ,0 ,0 ,0 ,0 ,0 ,0 , ./2016_09_07_10_05_47_cudaQuickSortCDP_carolk402.log
2016_09_07_10_06_16_cudaQuickSortCDP_carolk402.log, 1, _Z10qsort_warpPjS_jjP17qsortAtomicData_tP14qsortRingbuf_tjj, 0, rf, 0, 2450785792, 5.01091978908, 0.561277160668, 1,Wed Sep  7 10:06:16 2016 , carolk402 , cudaQuickSortCDP , 1048576 , 1 , 500 , 571 , 7.022464 , 272 , 228 , 0 , 0 ,0 ,0 ,0 ,0 ,1 ,0 ,0 ,0 ,0 ,0 ,0 ,1 , ./2016_09_07_10_06_16_cudaQuickSortCDP_carolk402.log
2016_09_07_10_06_49_cudaQuickSortCDP_carolk402.log, 1, _Z10qsort_warpPjS_jjP17qsortAtomicData_tP14qsortRingbuf_tjj, 0, rf, 0, 387883158, 11.9403729218, 0.110929002584, 1,Wed Sep  7 10:06:49 2016 , carolk402 , cudaQuickSortCDP , 1048576 , 1 , 128 , 128 , 5.983715 , 126 , 2 , 0 , 0 ,0 ,0 ,0 ,0 ,1 ,0 ,0 ,0 ,0 ,0 ,0 ,0 , ./2016_09_07_10_06_49_cudaQuickSortCDP_carolk402.log
2016_09_07_10_08_25_cudaQuickSortCDP_carolk402.log, 1, _Z10qsort_warpPjS_jjP17qsortAtomicData_tP14qsortRingbuf_tjj, 0, rf, 0, 782976185, 13.8014468024, 0.914137746757, 1,Wed Sep  7 10:08:25 2016 , carolk402 , cudaQuickSortCDP , 1048576 , 1 , 135 , 135 , 6.57166 , 133 , 2 , 0 , 0 ,0 ,0 ,0 ,0 ,1 ,0 ,0 ,0 ,0 ,0 ,0 ,0 , ./2016_09_07_10_08_25_cudaQuickSortCDP_carolk402.log
2016_09_07_10_10_57_cudaQuickSortCDP_carolk402.log, 1, _Z10qsort_warpPjS_jjP17qsortAtomicData_tP14qsortRingbuf_tjj, 0, rf, 0, 1215258109, 5.42935169831, 0.774258733153, 1,Wed Sep  7 10:10:57 2016 , carolk402 , cudaQuickSortCDP , 1048576 , 1 , 5 , 5 , 6.206884 , 2 , 3 , 0 , 0 ,0 ,0 ,0 ,0 ,1 ,0 ,0 ,0 ,0 ,0 ,0 ,0 , ./2016_09_07_10_10_57_cudaQuickSortCDP_carolk402.log
2016_09_07_10_12_01_cudaQuickSortCDP_carolk402.log, 1, _Z10qsort_warpPjS_jjP17qsortAtomicData_tP14qsortRingbuf_tjj, 0, rf, 0, 1931587092, 5.38489126616, 0.404224589123, 1,Wed Sep  7 10:12:01 2016 , carolk402 , cudaQuickSortCDP , 1048576 , 1 , 13 , 13 , 5.761447 , 8 , 5 , 0 , 0 ,0 ,0 ,0 ,0 ,1 ,0 ,0 ,0 ,0 ,0 ,0 ,1 , ./2016_09_07_10_12_01_cudaQuickSortCDP_carolk402.log
2016_09_07_10_13_44_cudaQuickSortCDP_carolk402.log, 1, _Z10qsort_warpPjS_jjP17qsortAtomicData_tP14qsortRingbuf_tjj, 0, rf, 0, 715661884, 3.39223984425, 0.646042773047, 1,Wed Sep  7 10:13:44 2016 , carolk402 , cudaQuickSortCDP , 1048576 , 1 , 7 , 7 , 5.136831 , 5 , 2 , 0 , 0 ,0 ,0 ,0 ,0 ,1 ,0 ,0 ,0 ,0 ,0 ,0 ,0 , ./2016_09_07_10_13_44_cudaQuickSortCDP_carolk402.log
2016_09_07_10_16_05_cudaQuickSortCDP_carolk402.log, 1, _Z10qsort_warpPjS_jjP17qsortAtomicData_tP14qsortRingbuf_tjj, 0, rf, 0, 2045867789, 3.43436786479, 0.545564864914, 1,Wed Sep  7 10:16:05 2016 , carolk402 , cudaQuickSortCDP , 1048576 , 1 , 500 , 681 , 5.795569 , 403 , 97 , 0 , 0 ,0 ,0 ,0 ,0 ,1 ,0 ,0 ,0 ,0 ,0 ,0 ,1 , ./2016_09_07_10_16_05_cudaQuickSortCDP_carolk402.log
2016_09_07_10_16_34_cudaQuickSortCDP_carolk402.log, 1, _Z10qsort_warpPjS_jjP17qsortAtomicData_tP14qsortRingbuf_tjj, 0, rf, 0, 2465383575, 7.07986474678, 0.500231115184, 1,Wed Sep  7 10:16:34 2016 , carolk402 , cudaQuickSortCDP , 1048576 , 1 , 500 , 952 , 5.886831 , 421 , 79 , 0 , 0 ,0 ,0 ,0 ,0 ,1 ,0 ,0 ,0 ,0 ,0 ,0 ,1 , ./2016_09_07_10_16_34_cudaQuickSortCDP_carolk402.log
2016_09_07_10_18_06_cudaQuickSortCDP_carolk402.log, 1, _Z10qsort_warpPjS_jjP17qsortAtomicData_tP14qsortRingbuf_tjj, 0, rf, 0, 2224947837, 5.43813992763, 0.228779911874, 1,Wed Sep  7 10:18:06 2016 , carolk402 , cudaQuickSortCDP , 1048576 , 1 , 12 , 12 , 5.291554 , 9 , 3 , 0 , 0 ,0 ,0 ,0 ,0 ,1 ,0 ,0 ,0 ,0 ,0 ,0 ,1 , ./2016_09_07_10_18_06_cudaQuickSortCDP_carolk402.log
2016_09_07_10_20_28_cudaQuickSortCDP_carolk402.log, 1, _Z10qsort_warpPjS_jjP17qsortAtomicData_tP14qsortRingbuf_tjj, 0, rf, 0, 718997419, 5.62608869992, 0.137997270546, 1,Wed Sep  7 10:20:28 2016 , carolk402 , cudaQuickSortCDP , 1048576 , 1 , 2 , 2 , 5.61678 , 1 , 1 , 0 , 0 ,0 ,0 ,0 ,0 ,1 ,0 ,0 ,0 ,0 ,0 ,0 ,1 , ./2016_09_07_10_20_28_cudaQuickSortCDP_carolk402.log
2016_09_07_10_20_52_cudaQuickSortCDP_carolk402.log, 1, _Z10qsort_warpPjS_jjP17qsortAtomicData_tP14qsortRingbuf_tjj, 0, rf, 0, 2134057969, 8.19047272578, 0.469555676582, 1,Wed Sep  7 10:20:52 2016 , carolk402 , cudaQuickSortCDP , 1048576 , 1 , 500 , 2302 , 5.839846 , 406 , 94 , 0 , 0 ,0 ,0 ,0 ,0 ,1 ,0 ,0 ,0 ,0 ,0 ,0 ,1 , ./2016_09_07_10_20_52_cudaQuickSortCDP_carolk402.log
2016_09_07_10_21_06_cudaQuickSortCDP_carolk402.log, 1, _Z10qsort_warpPjS_jjP17qsortAtomicData_tP14qsortRingbuf_tjj, 0, rf, 0, 2390891864, 6.93586265624, 0.228246444447, 1,Wed Sep  7 10:21:06 2016 , carolk402 , cudaQuickSortCDP , 1048576 , 1 , 209 , 209 , 7.018534 , 144 , 65 , 0 , 0 ,0 ,0 ,0 ,0 ,1 ,0 ,0 ,0 ,0 ,0 ,0 ,1 , ./2016_09_07_10_21_06_cudaQuickSortCDP_carolk402.log
2016_09_07_10_21_48_cudaQuickSortCDP_carolk402.log, 1, _Z10qsort_warpPjS_jjP17qsortAtomicData_tP14qsortRingbuf_tjj, 0, rf, 0, 663899060, 9.63279325097, 0.015541654472, 1,Wed Sep  7 10:21:48 2016 , carolk402 , cudaQuickSortCDP , 1048576 , 1 , 78 , 78 , 6.322045 , 32 , 46 , 0 , 0 ,0 ,0 ,0 ,0 ,1 ,0 ,0 ,0 ,0 ,0 ,0 ,0 , ./2016_09_07_10_21_48_cudaQuickSortCDP_carolk402.log
2016_09_07_10_22_10_cudaQuickSortCDP_carolk402.log, 1, _Z10qsort_warpPjS_jjP17qsortAtomicData_tP14qsortRingbuf_tjj, 0, rf, 0, 415515629, 6.1940842549, 0.507472577679, 1,Wed Sep  7 10:22:10 2016 , carolk402 , cudaQuickSortCDP , 1048576 , 1 , 2 , 2 , 5.681397 , 0 , 2 , 0 , 0 ,0 ,1 ,0 ,0 ,0 ,0 ,0 ,0 ,0 ,0 ,0 ,0 , ./2016_09_07_10_22_10_cudaQuickSortCDP_carolk402.log
2016_09_07_10_23_36_cudaQuickSortCDP_carolk402.log, 1, _Z10qsort_warpPjS_jjP17qsortAtomicData_tP14qsortRingbuf_tjj, 0, rf, 0, 1295869084, 7.55005334054, 0.445261702541, 1,Wed Sep  7 10:23:36 2016 , carolk402 , cudaQuickSortCDP , 1048576 , 1 , 342 , 342 , 5.193142 , 310 , 32 , 0 , 0 ,0 ,0 ,0 ,0 ,1 ,0 ,0 ,0 ,0 ,0 ,0 ,1 , ./2016_09_07_10_23_36_cudaQuickSortCDP_carolk402.log
2016_09_07_10_26_09_cudaQuickSortCDP_carolk402.log, 1, _Z10qsort_warpPjS_jjP17qsortAtomicData_tP14qsortRingbuf_tjj, 0, rf, 0, 1516448149, 9.00087403057, 0.46781033625, 1,Wed Sep  7 10:26:09 2016 , carolk402 , cudaQuickSortCDP , 1048576 , 1 , 7 , 7 , 5.827968 , 5 , 2 , 0 , 0 ,0 ,0 ,0 ,0 ,1 ,0 ,0 ,0 ,0 ,0 ,0 ,0 , ./2016_09_07_10_26_09_cudaQuickSortCDP_carolk402.log
2016_09_07_10_26_30_cudaQuickSortCDP_carolk402.log, 1, _Z10qsort_warpPjS_jjP17qsortAtomicData_tP14qsortRingbuf_tjj, 0, rf, 0, 1967247729, 8.82971375107, 0.198978133661, 1,Wed Sep  7 10:26:30 2016 , carolk402 , cudaQuickSortCDP , 1048576 , 1 , 96 , 96 , 5.952645 , 91 , 5 , 0 , 0 ,0 ,0 ,0 ,0 ,1 ,0 ,0 ,0 ,0 ,0 ,0 ,1 , ./2016_09_07_10_26_30_cudaQuickSortCDP_carolk402.log
2016_09_07_10_28_41_cudaQuickSortCDP_carolk402.log, 1, _Z10qsort_warpPjS_jjP17qsortAtomicData_tP14qsortRingbuf_tjj, 0, rf, 0, 2169448592, 0.107612843617, 0.475765144971, 1,Wed Sep  7 10:28:41 2016 , carolk402 , cudaQuickSortCDP , 1048576 , 1 , 240 , 240 , 6.985718 , 236 , 4 , 0 , 0 ,0 ,0 ,0 ,0 ,1 ,0 ,0 ,0 ,0 ,0 ,0 ,1 , ./2016_09_07_10_28_41_cudaQuickSortCDP_carolk402.log
2016_09_07_10_29_58_cudaQuickSortCDP_carolk402.log, 1, _Z10qsort_warpPjS_jjP17qsortAtomicData_tP14qsortRingbuf_tjj, 0, rf, 0, 1502887174, 0.50689193865, 0.652739486138, 1,Wed Sep  7 10:29:58 2016 , carolk402 , cudaQuickSortCDP , 1048576 , 1 , 500 , 1381 , 5.983767 , 498 , 2 , 0 , 0 ,0 ,0 ,0 ,0 ,1 ,0 ,0 ,0 ,0 ,0 ,0 ,0 , ./2016_09_07_10_29_58_cudaQuickSortCDP_carolk402.log
2016_09_07_10_30_26_cudaQuickSortCDP_carolk402.log, 1, _Z10qsort_warpPjS_jjP17qsortAtomicData_tP14qsortRingbuf_tjj, 0, rf, 0, 1875732199, 9.14608104649, 0.0222547699113, 1,Wed Sep  7 10:30:26 2016 , carolk402 , cudaQuickSortCDP , 1048576 , 1 , 500 , 3493 , 5.538548 , 0 , 500 , 0 , 0 ,0 ,1 ,0 ,0 ,0 ,0 ,0 ,0 ,0 ,0 ,0 ,1 , ./2016_09_07_10_30_26_cudaQuickSortCDP_carolk402.log
2016_09_07_10_32_00_cudaQuickSortCDP_carolk402.log, 1, _Z10qsort_warpPjS_jjP17qsortAtomicData_tP14qsortRingbuf_tjj, 0, rf, 0, 633068059, 12.1576321621, 0.0715414439952, 1,Wed Sep  7 10:32:00 2016 , carolk402 , cudaQuickSortCDP , 1048576 , 1 , 2 , 2 , 7.047465 , 2 , 0 , 0 , 0 ,1 ,0 ,0 ,0 ,0 ,0 ,0 ,0 ,0 ,0 ,0 ,0 , ./2016_09_07_10_32_00_cudaQuickSortCDP_carolk402.log
2016_09_07_10_33_25_cudaQuickSortCDP_carolk402.log, 1, _Z10qsort_warpPjS_jjP17qsortAtomicData_tP14qsortRingbuf_tjj, 0, rf, 0, 1837704557, 11.6914956194, 0.599269482563, 1,Wed Sep  7 10:33:25 2016 , carolk402 , cudaQuickSortCDP , 1048576 , 1 , 3 , 3 , 5.75137 , 1 , 2 , 0 , 0 ,0 ,0 ,0 ,0 ,1 ,0 ,0 ,0 ,0 ,0 ,0 ,0 , ./2016_09_07_10_33_25_cudaQuickSortCDP_carolk402.log
2016_09_07_10_34_16_cudaQuickSortCDP_carolk402.log, 1, _Z10qsort_warpPjS_jjP17qsortAtomicData_tP14qsortRingbuf_tjj, 0, rf, 0, 689203825, 8.56259977031, 0.463724936272, 1,Wed Sep  7 10:34:16 2016 , carolk402 , cudaQuickSortCDP , 1048576 , 1 , 500 , 2371 , 6.136449 , 496 , 4 , 0 , 0 ,0 ,0 ,0 ,0 ,1 ,0 ,0 ,0 ,0 ,0 ,0 ,1 , ./2016_09_07_10_34_16_cudaQuickSortCDP_carolk402.log
2016_09_07_10_34_31_cudaQuickSortCDP_carolk402.log, 1, _Z10qsort_warpPjS_jjP17qsortAtomicData_tP14qsortRingbuf_tjj, 0, rf, 0, 1105829011, 8.10779172754, 0.0921218049818, 1,Wed Sep  7 10:34:31 2016 , carolk402 , cudaQuickSortCDP , 1048576 , 1 , 111 , 111 , 6.594298 , 105 , 6 , 0 , 0 ,0 ,0 ,0 ,0 ,1 ,0 ,0 ,0 ,0 ,0 ,0 ,0 , ./2016_09_07_10_34_31_cudaQuickSortCDP_carolk402.log
2016_09_07_10_35_21_cudaQuickSortCDP_carolk402.log, 1, _Z10qsort_warpPjS_jjP17qsortAtomicData_tP14qsortRingbuf_tjj, 0, rf, 0, 1982712471, 6.7842534172, 0.591095855006, 1,Wed Sep  7 10:35:21 2016 , carolk402 , cudaQuickSortCDP , 1048576 , 1 , 500 , 4344 , 6.950265 , 401 , 99 , 0 , 0 ,0 ,0 ,0 ,0 ,1 ,0 ,0 ,0 ,0 ,0 ,0 ,1 , ./2016_09_07_10_35_21_cudaQuickSortCDP_carolk402.log
2016_09_07_10_36_35_cudaQuickSortCDP_carolk402.log, 1, _Z10qsort_warpPjS_jjP17qsortAtomicData_tP14qsortRingbuf_tjj, 0, rf, 0, 1449347158, 9.63189963385, 0.240062312612, 1,Wed Sep  7 10:36:35 2016 , carolk402 , cudaQuickSortCDP , 1048576 , 1 , 500 , 722 , 7.3557 , 500 , 0 , 0 , 0 ,1 ,0 ,0 ,0 ,0 ,0 ,0 ,0 ,0 ,0 ,0 ,0 , ./2016_09_07_10_36_35_cudaQuickSortCDP_carolk402.log
2016_09_07_10_38_06_cudaQuickSortCDP_carolk402.log, 1, _Z10qsort_warpPjS_jjP17qsortAtomicData_tP14qsortRingbuf_tjj, 0, rf, 0, 1067269156, 5.01361326446, 0.687054622911, 1,Wed Sep  7 10:38:06 2016 , carolk402 , cudaQuickSortCDP , 1048576 , 1 , 500 , 1365 , 6.790157 , 21 , 479 , 0 , 0 ,0 ,0 ,0 ,0 ,1 ,0 ,0 ,0 ,0 ,0 ,0 ,1 , ./2016_09_07_10_38_06_cudaQuickSortCDP_carolk402.log
2016_09_07_10_38_29_cudaQuickSortCDP_carolk402.log, 1, _Z10qsort_warpPjS_jjP17qsortAtomicData_tP14qsortRingbuf_tjj, 0, rf, 0, 931266577, 9.22636956897, 0.410182802888, 1,Wed Sep  7 10:38:29 2016 , carolk402 , cudaQuickSortCDP , 1048576 , 1 , 19 , 19 , 6.807163 , 18 , 1 , 0 , 0 ,0 ,0 ,0 ,0 ,1 ,0 ,0 ,0 ,0 ,0 ,0 ,1 , ./2016_09_07_10_38_29_cudaQuickSortCDP_carolk402.log
2016_09_07_10_39_05_cudaQuickSortCDP_carolk402.log, 1, _Z10qsort_warpPjS_jjP17qsortAtomicData_tP14qsortRingbuf_tjj, 0, rf, 0, 38661540, 5.40817413306, 0.413135995718, 1,Wed Sep  7 10:39:05 2016 , carolk402 , cudaQuickSortCDP , 1048576 , 1 , 500 , 3496 , 5.675913 , 0 , 500 , 0 , 0 ,0 ,1 ,0 ,0 ,0 ,0 ,0 ,0 ,0 ,0 ,0 ,1 , ./2016_09_07_10_39_05_cudaQuickSortCDP_carolk402.log
2016_09_07_10_39_43_cudaQuickSortCDP_carolk402.log, 1, _Z10qsort_warpPjS_jjP17qsortAtomicData_tP14qsortRingbuf_tjj, 0, rf, 0, 2424358777, 6.56817492991, 0.992957704437, 1,Wed Sep  7 10:39:43 2016 , carolk402 , cudaQuickSortCDP , 1048576 , 1 , 500 , 23853 , 5.928943 , 500 , 0 , 0 , 0 ,1 ,0 ,0 ,0 ,0 ,0 ,0 ,0 ,0 ,0 ,0 ,0 , ./2016_09_07_10_39_43_cudaQuickSortCDP_carolk402.log
2016_09_07_10_41_33_cudaQuickSortCDP_carolk402.log, 1, _Z10qsort_warpPjS_jjP17qsortAtomicData_tP14qsortRingbuf_tjj, 0, rf, 0, 2052197043, 4.3178318098, 0.0767581688166, 1,Wed Sep  7 10:41:33 2016 , carolk402 , cudaQuickSortCDP , 1048576 , 1 , 146 , 146 , 6.073834 , 142 , 4 , 0 , 0 ,0 ,0 ,0 ,0 ,1 ,0 ,0 ,0 ,0 ,0 ,0 ,0 , ./2016_09_07_10_41_33_cudaQuickSortCDP_carolk402.log
2016_09_07_10_43_44_cudaQuickSortCDP_carolk402.log, 1, _Z10qsort_warpPjS_jjP17qsortAtomicData_tP14qsortRingbuf_tjj, 0, rf, 0, 41023751, 6.87214523291, 0.145216328733, 1,Wed Sep  7 10:43:44 2016 , carolk402 , cudaQuickSortCDP , 1048576 , 1 , 2 , 2 , 6.282842 , 0 , 2 , 0 , 0 ,0 ,1 ,0 ,0 ,0 ,0 ,0 ,0 ,0 ,0 ,0 ,0 , ./2016_09_07_10_43_44_cudaQuickSortCDP_carolk402.log
2016_09_07_10_44_43_cudaQuickSortCDP_carolk402.log, 1, _Z10qsort_warpPjS_jjP17qsortAtomicData_tP14qsortRingbuf_tjj, 0, rf, 0, 525951209, 8.52178649263, 0.195579283166, 1,Wed Sep  7 10:44:43 2016 , carolk402 , cudaQuickSortCDP , 1048576 , 1 , 7 , 7 , 6.298886 , 3 , 4 , 0 , 0 ,0 ,0 ,0 ,0 ,1 ,0 ,0 ,0 ,0 ,0 ,0 ,0 , ./2016_09_07_10_44_43_cudaQuickSortCDP_carolk402.log
2016_09_07_10_45_54_cudaQuickSortCDP_carolk402.log, 1, _Z10qsort_warpPjS_jjP17qsortAtomicData_tP14qsortRingbuf_tjj, 0, rf, 0, 2623430595, 3.6142864024, 0.974994639039, 1,Wed Sep  7 10:45:54 2016 , carolk402 , cudaQuickSortCDP , 1048576 , 1 , 2 , 2 , 5.792451 , 0 , 2 , 0 , 0 ,0 ,1 ,0 ,0 ,0 ,0 ,0 ,0 ,0 ,0 ,0 ,0 , ./2016_09_07_10_45_54_cudaQuickSortCDP_carolk402.log
2016_09_07_10_46_37_cudaQuickSortCDP_carolk402.log, 1, _Z10qsort_warpPjS_jjP17qsortAtomicData_tP14qsortRingbuf_tjj, 0, rf, 0, 2314778652, 3.2042099194, 0.0763108693461, 1,Wed Sep  7 10:46:37 2016 , carolk402 , cudaQuickSortCDP , 1048576 , 1 , 306 , 306 , 5.970654 , 242 , 64 , 0 , 0 ,0 ,0 ,0 ,0 ,1 ,0 ,0 ,0 ,0 ,0 ,0 ,0 , ./2016_09_07_10_46_37_cudaQuickSortCDP_carolk402.log
2016_09_07_10_47_35_cudaQuickSortCDP_carolk402.log, 1, _Z10qsort_warpPjS_jjP17qsortAtomicData_tP14qsortRingbuf_tjj, 0, rf, 0, 1496339565, 9.72018118695, 0.382141962556, 1,Wed Sep  7 10:47:35 2016 , carolk402 , cudaQuickSortCDP , 1048576 , 1 , 500 , 2234 , 5.809301 , 0 , 500 , 0 , 0 ,0 ,1 ,0 ,0 ,0 ,0 ,0 ,0 ,0 ,0 ,0 ,1 , ./2016_09_07_10_47_35_cudaQuickSortCDP_carolk402.log
2016_09_07_10_51_45_cudaQuickSortCDP_carolk402.log, 1, _Z10qsort_warpPjS_jjP17qsortAtomicData_tP14qsortRingbuf_tjj, 0, rf, 2, 2060423260, 7.03206259628, 0.681784713646, 1,Wed Sep  7 10:51:45 2016 , carolk402 , cudaQuickSortCDP , 1048576 , 1 , 3 , 3 , 5.169091 , 1 , 2 , 0 , 0 ,0 ,0 ,0 ,0 ,1 ,0 ,0 ,0 ,0 ,0 ,0 ,0 , ./2016_09_07_10_51_45_cudaQuickSortCDP_carolk402.log
2016_09_07_10_53_58_cudaQuickSortCDP_carolk402.log, 1, _Z10qsort_warpPjS_jjP17qsortAtomicData_tP14qsortRingbuf_tjj, 0, rf, 2, 1101636789, 13.4067574476, 0.31332043444, 1,Wed Sep  7 10:53:58 2016 , carolk402 , cudaQuickSortCDP , 1048576 , 1 , 500 , 523 , 6.431129 , 498 , 2 , 0 , 0 ,0 ,0 ,0 ,0 ,1 ,0 ,0 ,0 ,0 ,0 ,0 ,0 , ./2016_09_07_10_53_58_cudaQuickSortCDP_carolk402.log
2016_09_07_10_55_00_cudaQuickSortCDP_carolk402.log, 1, _Z10qsort_warpPjS_jjP17qsortAtomicData_tP14qsortRingbuf_tjj, 0, rf, 2, 1394014791, 13.0961330029, 0.498469556663, 1,Wed Sep  7 10:55:00 2016 , carolk402 , cudaQuickSortCDP , 1048576 , 1 , 3 , 3 , 5.388807 , 3 , 0 , 0 , 0 ,1 ,0 ,0 ,0 ,0 ,0 ,0 ,0 ,0 ,0 ,0 ,0 , ./2016_09_07_10_55_00_cudaQuickSortCDP_carolk402.log
2016_09_07_10_56_23_cudaQuickSortCDP_carolk402.log, 1, _Z10qsort_warpPjS_jjP17qsortAtomicData_tP14qsortRingbuf_tjj, 0, rf, 2, 2376681570, 7.81592910899, 0.0783560272053, 1,Wed Sep  7 10:56:23 2016 , carolk402 , cudaQuickSortCDP , 1048576 , 1 , 2 , 2 , 6.016962 , 0 , 2 , 0 , 0 ,0 ,1 ,0 ,0 ,0 ,0 ,0 ,0 ,0 ,0 ,0 ,0 , ./2016_09_07_10_56_23_cudaQuickSortCDP_carolk402.log
2016_09_07_10_57_07_cudaQuickSortCDP_carolk402.log, 1, _Z10qsort_warpPjS_jjP17qsortAtomicData_tP14qsortRingbuf_tjj, 0, rf, 2, 2593117808, 13.7081808465, 0.0554888181835, 1,Wed Sep  7 10:57:07 2016 , carolk402 , cudaQuickSortCDP , 1048576 , 1 , 105 , 105 , 6.557958 , 102 , 3 , 0 , 0 ,0 ,0 ,0 ,0 ,1 ,0 ,0 ,0 ,0 ,0 ,0 ,0 , ./2016_09_07_10_57_07_cudaQuickSortCDP_carolk402.log
2016_09_07_10_57_48_cudaQuickSortCDP_carolk402.log, 1, _Z10qsort_warpPjS_jjP17qsortAtomicData_tP14qsortRingbuf_tjj, 0, rf, 2, 1021969948, 11.2013298212, 0.201427577577, 1,Wed Sep  7 10:57:48 2016 , carolk402 , cudaQuickSortCDP , 1048576 , 1 , 20 , 20 , 5.6556 , 18 , 2 , 0 , 0 ,0 ,0 ,0 ,0 ,1 ,0 ,0 ,0 ,0 ,0 ,0 ,0 , ./2016_09_07_10_57_48_cudaQuickSortCDP_carolk402.log
2016_09_07_10_58_21_cudaQuickSortCDP_carolk402.log, 1, _Z10qsort_warpPjS_jjP17qsortAtomicData_tP14qsortRingbuf_tjj, 0, rf, 2, 1980541919, 13.5610131604, 0.770272027844, 1,Wed Sep  7 10:58:21 2016 , carolk402 , cudaQuickSortCDP , 1048576 , 1 , 156 , 156 , 6.162363 , 154 , 2 , 0 , 0 ,0 ,0 ,0 ,0 ,1 ,0 ,0 ,0 ,0 ,0 ,0 ,0 , ./2016_09_07_10_58_21_cudaQuickSortCDP_carolk402.log
2016_09_07_10_58_48_cudaQuickSortCDP_carolk402.log, 1, _Z10qsort_warpPjS_jjP17qsortAtomicData_tP14qsortRingbuf_tjj, 0, rf, 2, 1679018165, 24.1034365885, 0.978885528988, 1,Wed Sep  7 10:58:48 2016 , carolk402 , cudaQuickSortCDP , 1048576 , 1 , 1 , 1 , 6.191665 , 1 , 0 , 0 , 0 ,1 ,0 ,0 ,0 ,0 ,0 ,0 ,0 ,0 ,0 ,0 ,0 , ./2016_09_07_10_58_48_cudaQuickSortCDP_carolk402.log
2016_09_07_11_00_35_cudaQuickSortCDP_carolk402.log, 1, _Z10qsort_warpPjS_jjP17qsortAtomicData_tP14qsortRingbuf_tjj, 0, rf, 2, 1533913385, 11.4942462282, 0.174105763851, 1,Wed Sep  7 11:00:35 2016 , carolk402 , cudaQuickSortCDP , 1048576 , 1 , 3 , 3 , 6.668962 , 1 , 2 , 0 , 0 ,0 ,0 ,0 ,0 ,1 ,0 ,0 ,0 ,0 ,0 ,0 ,0 , ./2016_09_07_11_00_35_cudaQuickSortCDP_carolk402.log
2016_09_07_11_02_40_cudaQuickSortCDP_carolk402.log, 1, _Z10qsort_warpPjS_jjP17qsortAtomicData_tP14qsortRingbuf_tjj, 0, rf, 2, 1125853183, 13.5254379379, 0.451153637094, 1,Wed Sep  7 11:02:40 2016 , carolk402 , cudaQuickSortCDP , 1048576 , 1 , 5 , 5 , 5.673078 , 3 , 2 , 0 , 0 ,0 ,0 ,0 ,0 ,1 ,0 ,0 ,0 ,0 ,0 ,0 ,0 , ./2016_09_07_11_02_40_cudaQuickSortCDP_carolk402.log
2016_09_07_11_03_07_cudaQuickSortCDP_carolk402.log, 1, _Z10qsort_warpPjS_jjP17qsortAtomicData_tP14qsortRingbuf_tjj, 0, rf, 2, 822056483, 10.5756162509, 0.663431195598, 1,Wed Sep  7 11:03:07 2016 , carolk402 , cudaQuickSortCDP , 1048576 , 1 , 2 , 2 , 7.08975 , 0 , 2 , 0 , 0 ,0 ,1 ,0 ,0 ,0 ,0 ,0 ,0 ,0 ,0 ,0 ,0 , ./2016_09_07_11_03_07_cudaQuickSortCDP_carolk402.log
2016_09_07_11_06_12_cudaQuickSortCDP_carolk402.log, 1, _Z10qsort_warpPjS_jjP17qsortAtomicData_tP14qsortRingbuf_tjj, 0, rf, 2, 2408151842, 12.6409767162, 0.765138250688, 1,Wed Sep  7 11:06:12 2016 , carolk402 , cudaQuickSortCDP , 1048576 , 1 , 6 , 6 , 5.837023 , 6 , 0 , 0 , 0 ,1 ,0 ,0 ,0 ,0 ,0 ,0 ,0 ,0 ,0 ,0 ,0 , ./2016_09_07_11_06_12_cudaQuickSortCDP_carolk402.log
2016_09_07_11_07_15_cudaQuickSortCDP_carolk402.log, 1, _Z10qsort_warpPjS_jjP17qsortAtomicData_tP14qsortRingbuf_tjj, 0, rf, 2, 2638736968, 3.39139187039, 0.0668491870817, 1,Wed Sep  7 11:07:15 2016 , carolk402 , cudaQuickSortCDP , 1048576 , 1 , 500 , 1946 , 5.562186 , 500 , 0 , 0 , 0 ,1 ,0 ,0 ,0 ,0 ,0 ,0 ,0 ,0 ,0 ,0 ,0 , ./2016_09_07_11_07_15_cudaQuickSortCDP_carolk402.log
2016_09_07_11_08_55_cudaQuickSortCDP_carolk402.log, 1, _Z10qsort_warpPjS_jjP17qsortAtomicData_tP14qsortRingbuf_tjj, 0, rf, 2, 918563754, 7.05468126814, 0.864307716833, 1,Wed Sep  7 11:08:55 2016 , carolk402 , cudaQuickSortCDP , 1048576 , 1 , 2 , 2 , 6.007744 , 0 , 2 , 0 , 0 ,0 ,1 ,0 ,0 ,0 ,0 ,0 ,0 ,0 ,0 ,0 ,0 , ./2016_09_07_11_08_55_cudaQuickSortCDP_carolk402.log
2016_09_07_11_13_35_cudaQuickSortCDP_carolk402.log, 1, _Z10qsort_warpPjS_jjP17qsortAtomicData_tP14qsortRingbuf_tjj, 0, rf, 2, 396314988, 0.958406239231, 0.239369839499, 1,Wed Sep  7 11:13:35 2016 , carolk402 , cudaQuickSortCDP , 1048576 , 1 , 207 , 207 , 6.103832 , 205 , 2 , 0 , 0 ,0 ,0 ,0 ,0 ,1 ,0 ,0 ,0 ,0 ,0 ,0 ,1 , ./2016_09_07_11_13_35_cudaQuickSortCDP_carolk402.log
2016_09_07_11_15_46_cudaQuickSortCDP_carolk402.log, 1, _Z10qsort_warpPjS_jjP17qsortAtomicData_tP14qsortRingbuf_tjj, 0, rf, 2, 2278006031, 3.50618778521, 0.770941245312, 1,Wed Sep  7 11:15:46 2016 , carolk402 , cudaQuickSortCDP , 1048576 , 1 , 2 , 2 , 6.730374 , 0 , 2 , 0 , 0 ,0 ,1 ,0 ,0 ,0 ,0 ,0 ,0 ,0 ,0 ,0 ,0 , ./2016_09_07_11_15_46_cudaQuickSortCDP_carolk402.log
2016_09_07_11_18_57_cudaQuickSortCDP_carolk402.log, 1, _Z10qsort_warpPjS_jjP17qsortAtomicData_tP14qsortRingbuf_tjj, 0, rf, 2, 1687975115, 4.76497729229, 0.419658300005, 1,Wed Sep  7 11:18:57 2016 , carolk402 , cudaQuickSortCDP , 1048576 , 1 , 178 , 178 , 6.215569 , 177 , 1 , 0 , 0 ,0 ,0 ,0 ,0 ,1 ,0 ,0 ,0 ,0 ,0 ,0 ,1 , ./2016_09_07_11_18_57_cudaQuickSortCDP_carolk402.log
2016_09_07_11_19_12_cudaQuickSortCDP_carolk402.log, 1, _Z10qsort_warpPjS_jjP17qsortAtomicData_tP14qsortRingbuf_tjj, 0, rf, 2, 1162572641, 10.3655004638, 0.148533847576, 1,Wed Sep  7 11:19:12 2016 , carolk402 , cudaQuickSortCDP , 1048576 , 1 , 2 , 2 , 5.384652 , 0 , 2 , 0 , 0 ,0 ,1 ,0 ,0 ,0 ,0 ,0 ,0 ,0 ,0 ,0 ,0 , ./2016_09_07_11_19_12_cudaQuickSortCDP_carolk402.log
2016_09_07_11_21_36_cudaQuickSortCDP_carolk402.log, 1, _Z10qsort_warpPjS_jjP17qsortAtomicData_tP14qsortRingbuf_tjj, 0, rf, 2, 2625022231, 10.8404988567, 0.875392383655, 1,Wed Sep  7 11:21:36 2016 , carolk402 , cudaQuickSortCDP , 1048576 , 1 , 2 , 2 , 5.793541 , 0 , 2 , 0 , 0 ,0 ,1 ,0 ,0 ,0 ,0 ,0 ,0 ,0 ,0 ,0 ,0 , ./2016_09_07_11_21_36_cudaQuickSortCDP_carolk402.log
2016_09_07_11_24_13_cudaQuickSortCDP_carolk402.log, 1, _Z10qsort_warpPjS_jjP17qsortAtomicData_tP14qsortRingbuf_tjj, 0, rf, 2, 1329695075, 7.22613219362, 0.095400925009, 1,Wed Sep  7 11:24:13 2016 , carolk402 , cudaQuickSortCDP , 1048576 , 1 , 2 , 2 , 5.595796 , 0 , 2 , 0 , 0 ,0 ,1 ,0 ,0 ,0 ,0 ,0 ,0 ,0 ,0 ,0 ,0 , ./2016_09_07_11_24_13_cudaQuickSortCDP_carolk402.log
2016_09_07_11_25_08_cudaQuickSortCDP_carolk402.log, 1, _Z10qsort_warpPjS_jjP17qsortAtomicData_tP14qsortRingbuf_tjj, 0, rf, 2, 1546078955, 24.0873728497, 0.428552466415, 1,Wed Sep  7 11:25:08 2016 , carolk402 , cudaQuickSortCDP , 1048576 , 1 , 1 , 1 , 5.973837 , 1 , 0 , 0 , 0 ,1 ,0 ,0 ,0 ,0 ,0 ,0 ,0 ,0 ,0 ,0 ,0 , ./2016_09_07_11_25_08_cudaQuickSortCDP_carolk402.log
2016_09_07_11_28_57_cudaQuickSortCDP_carolk402.log, 1, _Z10qsort_warpPjS_jjP17qsortAtomicData_tP14qsortRingbuf_tjj, 0, rf, 2, 822275802, 7.74905347944, 0.756372630953, 1,Wed Sep  7 11:28:57 2016 , carolk402 , cudaQuickSortCDP , 1048576 , 1 , 2 , 2 , 6.183635 , 0 , 2 , 0 , 0 ,0 ,1 ,0 ,0 ,0 ,0 ,0 ,0 ,0 ,0 ,0 ,0 , ./2016_09_07_11_28_57_cudaQuickSortCDP_carolk402.log
2016_09_07_11_33_28_cudaQuickSortCDP_carolk402.log, 1, _Z10qsort_warpPjS_jjP17qsortAtomicData_tP14qsortRingbuf_tjj, 0, rf, 2, 1485905478, 13.0313108874, 0.353303966956, 1,Wed Sep  7 11:33:28 2016 , carolk402 , cudaQuickSortCDP , 1048576 , 1 , 459 , 459 , 5.479348 , 457 , 2 , 0 , 0 ,0 ,0 ,0 ,0 ,1 ,0 ,0 ,0 ,0 ,0 ,0 ,0 , ./2016_09_07_11_33_28_cudaQuickSortCDP_carolk402.log
2016_09_07_11_35_17_cudaQuickSortCDP_carolk402.log, 1, _Z10qsort_warpPjS_jjP17qsortAtomicData_tP14qsortRingbuf_tjj, 0, rf, 2, 607001663, 7.23185176951, 0.760586604243, 1,Wed Sep  7 11:35:17 2016 , carolk402 , cudaQuickSortCDP , 1048576 , 1 , 2 , 2 , 5.875597 , 0 , 2 , 0 , 0 ,0 ,1 ,0 ,0 ,0 ,0 ,0 ,0 ,0 ,0 ,0 ,0 , ./2016_09_07_11_35_17_cudaQuickSortCDP_carolk402.log
2016_09_07_11_36_03_cudaQuickSortCDP_carolk402.log, 1, _Z10qsort_warpPjS_jjP17qsortAtomicData_tP14qsortRingbuf_tjj, 0, rf, 2, 2112281274, 6.54264373203, 0.71554676434, 1,Wed Sep  7 11:36:03 2016 , carolk402 , cudaQuickSortCDP , 1048576 , 1 , 2 , 2 , 5.487962 , 0 , 2 , 0 , 0 ,0 ,1 ,0 ,0 ,0 ,0 ,0 ,0 ,0 ,0 ,0 ,0 , ./2016_09_07_11_36_03_cudaQuickSortCDP_carolk402.log
2016_09_07_11_37_16_cudaQuickSortCDP_carolk402.log, 1, _Z10qsort_warpPjS_jjP17qsortAtomicData_tP14qsortRingbuf_tjj, 0, rf, 2, 1034739131, 3.75020885226, 0.377699032768, 1,Wed Sep  7 11:37:16 2016 , carolk402 , cudaQuickSortCDP , 1048576 , 1 , 2 , 2 , 7.292367 , 0 , 2 , 0 , 0 ,0 ,1 ,0 ,0 ,0 ,0 ,0 ,0 ,0 ,0 ,0 ,0 , ./2016_09_07_11_37_16_cudaQuickSortCDP_carolk402.log
2016_09_07_11_37_53_cudaQuickSortCDP_carolk402.log, 1, _Z10qsort_warpPjS_jjP17qsortAtomicData_tP14qsortRingbuf_tjj, 0, rf, 2, 1670542943, 3.24226279271, 0.41904910875, 1,Wed Sep  7 11:37:53 2016 , carolk402 , cudaQuickSortCDP , 1048576 , 1 , 4 , 4 , 6.289847 , 2 , 2 , 0 , 0 ,0 ,0 ,0 ,0 ,1 ,0 ,0 ,0 ,0 ,0 ,0 ,0 , ./2016_09_07_11_37_53_cudaQuickSortCDP_carolk402.log
2016_09_07_11_41_31_cudaQuickSortCDP_carolk402.log, 1, _Z10qsort_warpPjS_jjP17qsortAtomicData_tP14qsortRingbuf_tjj, 0, rf, 2, 1965902760, 12.4564396168, 0.870744054184, 1,Wed Sep  7 11:41:31 2016 , carolk402 , cudaQuickSortCDP , 1048576 , 1 , 25 , 25 , 6.184099 , 23 , 2 , 0 , 0 ,0 ,0 ,0 ,0 ,1 ,0 ,0 ,0 ,0 ,0 ,0 ,0 , ./2016_09_07_11_41_31_cudaQuickSortCDP_carolk402.log
2016_09_07_11_42_17_cudaQuickSortCDP_carolk402.log, 1, _Z10qsort_warpPjS_jjP17qsortAtomicData_tP14qsortRingbuf_tjj, 0, rf, 2, 2200473763, 10.418571758, 0.644734840757, 1,Wed Sep  7 11:42:17 2016 , carolk402 , cudaQuickSortCDP , 1048576 , 1 , 2 , 2 , 7.053887 , 0 , 2 , 0 , 0 ,0 ,1 ,0 ,0 ,0 ,0 ,0 ,0 ,0 ,0 ,0 ,0 , ./2016_09_07_11_42_17_cudaQuickSortCDP_carolk402.log
2016_09_07_11_43_55_cudaQuickSortCDP_carolk402.log, 1, _Z10qsort_warpPjS_jjP17qsortAtomicData_tP14qsortRingbuf_tjj, 0, rf, 2, 712821444, 6.68482499052, 0.139945103362, 1,Wed Sep  7 11:43:55 2016 , carolk402 , cudaQuickSortCDP , 1048576 , 1 , 3 , 3 , 5.847633 , 1 , 2 , 0 , 0 ,0 ,0 ,0 ,0 ,1 ,0 ,0 ,0 ,0 ,0 ,0 ,0 , ./2016_09_07_11_43_55_cudaQuickSortCDP_carolk402.log
